campaign_id,date,channel,campaign_type,market,spend,impressions,clicks,conversions,revenue
C0001,2025-01-25,TikTok,Retargeting,Morocco,848.79,146301,1580,21,728.38
C0002,2025-03-23,Meta,Prospecting,Morocco,681.92,112919,1976,41,1082.66
C0003,2025-01-17,Email,Retargeting,KSA,383.24,66971,5003,373,2354.74
C0004,2024-01-22,Meta,Always on,UAE,591.71,72934,1310,23,510.2
C0005,2025-04-06,TikTok,Always on,KSA,704.24,174755,2443,21,795.69
C0006,2025-04-20,Email,Retargeting,UAE,968.34,204639,18796,1321,10737.57
C0007,2024-02-02,TikTok,Retargeting,KSA,958.95,145642,1442,18,706.62
C0008,2025-06-13,TikTok,Retargeting,UAE,794.41,152586,1776,16,632.61
C0009,2025-06-06,SEO,Always on,Morocco,455.72,71168,5068,305,2876.14
C0010,2025-04-26,SEO,Retargeting,Morocco,551.38,99533,7249,411,3939.68
C0011,2024-11-16,TikTok,Retargeting,KSA,930.51,127682,1332,10,453.27
C0012,2024-09-13,Meta,Always on,KSA,738.18,105794,1457,23,681.53
C0013,2024-02-15,Meta,Always on,Morocco,1320.37,195503,3677,85,2113.27
C0014,2024-10-27,SEO,Prospecting,UAE,419.14,103711,7009,457,4316.97
C0015,2025-06-01,Email,Prospecting,UAE,620.95,60029,5437,432,2900.17
C0016,2024-04-11,Google Ads,Retargeting,UAE,784.35,91345,3781,123,1548.96
C0017,2024-03-14,SEO,Always on,UAE,546.83,48944,3293,189,1959.61
C0018,2025-04-03,SEO,Prospecting,KSA,934.47,114572,8424,394,4560.53
C0019,2024-03-17,TikTok,Retargeting,Morocco,1555.84,233559,2660,24,845.76
C0020,2024-04-17,Email,Prospecting,Morocco,460.81,58824,5544,425,2928.0
C0021,2024-05-17,Meta,Always on,KSA,617.08,112789,1585,31,869.48
C0022,2025-03-25,Google Ads,Always on,UAE,666.53,60475,2753,130,1245.55
C0023,2024-05-07,Google Ads,Prospecting,KSA,908.48,165178,7682,211,2403.29
C0024,2024-03-13,Google Ads,Prospecting,UAE,791.16,95238,4953,206,2360.3
C0025,2024-07-02,TikTok,Always on,UAE,1268.42,108592,1533,12,465.1
C0026,2024-06-04,TikTok,Always on,Morocco,525.54,48204,664,5,219.95
C0027,2024-11-16,Google Ads,Always on,Morocco,567.74,63973,2297,95,1095.19
C0028,2025-03-03,Meta,Always on,UAE,441.28,39599,592,8,217.32
C0029,2024-12-26,TikTok,Retargeting,UAE,905.46,150353,1765,21,752.97
C0030,2024-07-19,TikTok,Always on,UAE,927.27,132965,1627,14,527.01
C0031,2024-11-03,Meta,Always on,UAE,611.85,70878,1148,17,476.7
C0032,2024-03-18,Google Ads,Prospecting,UAE,730.26,118664,4823,219,2515.93
C0033,2024-04-24,Meta,Retargeting,KSA,600.3,61969,890,21,591.04
C0034,2025-03-20,Meta,Prospecting,KSA,589.06,58556,891,16,420.33
C0035,2024-11-04,SEO,Retargeting,Morocco,1027.76,98858,6360,396,4823.9
C0036,2025-05-17,Email,Retargeting,UAE,648.99,118525,12051,973,7588.58
C0037,2024-07-12,Meta,Prospecting,UAE,481.91,44809,823,16,421.82
C0038,2025-01-07,Email,Always on,KSA,555.83,108932,11080,1004,6567.43
C0039,2024-07-25,Email,Always on,Morocco,736.54,61878,4501,253,1891.95
C0040,2024-09-13,Google Ads,Always on,UAE,1218.57,120021,4233,158,1506.41
C0041,2024-09-20,Meta,Retargeting,UAE,438.38,98420,2210,57,1666.41
C0042,2024-05-14,Google Ads,Prospecting,KSA,478.68,59636,2177,66,811.04
C0043,2024-03-19,Google Ads,Retargeting,UAE,560.11,68177,2735,104,1197.76
C0044,2024-10-05,Email,Always on,UAE,740.4,145448,10558,951,7876.66
C0045,2025-03-06,SEO,Retargeting,UAE,571.08,71571,5185,206,2062.95
C0046,2024-11-25,Google Ads,Retargeting,Morocco,590.14,58501,3065,134,1578.57
C0047,2025-06-20,TikTok,Always on,UAE,791.43,148177,2006,17,779.54
C0048,2024-11-17,SEO,Prospecting,UAE,649.21,137182,10146,583,6743.79
C0049,2024-09-19,Email,Prospecting,UAE,647.84,55826,4857,322,2490.72
C0050,2025-04-12,TikTok,Prospecting,Morocco,816.86,80451,755,9,313.28
C0051,2024-09-12,Meta,Retargeting,Morocco,335.3,40958,822,12,317.75
C0052,2024-11-25,Google Ads,Retargeting,UAE,591.5,70367,2492,99,1006.35
C0053,2024-10-06,SEO,Prospecting,KSA,352.38,35230,2332,132,1528.32
C0054,2024-09-10,Email,Always on,UAE,555.82,76675,7101,466,3657.92
C0055,2024-02-21,Meta,Prospecting,UAE,612.89,91417,1914,37,1061.05
C0056,2025-03-25,TikTok,Prospecting,KSA,962.29,88423,1103,12,512.91
C0057,2024-07-12,TikTok,Retargeting,UAE,725.77,114454,1231,12,561.93
C0058,2024-07-07,Meta,Retargeting,KSA,538.03,48416,817,14,405.81
C0059,2024-03-02,TikTok,Prospecting,Morocco,655.62,117406,1352,17,760.45
C0060,2024-09-23,Meta,Retargeting,UAE,723.66,128977,2108,49,1376.82
C0061,2024-11-23,TikTok,Retargeting,KSA,1245.09,276709,3624,33,1401.89
C0062,2024-07-08,Google Ads,Retargeting,UAE,588.05,64990,2490,120,1246.54
C0063,2024-08-02,Google Ads,Prospecting,Morocco,464.12,45615,2267,70,691.7
C0064,2024-06-21,Meta,Always on,UAE,553.88,61767,1260,30,743.15
C0065,2024-02-14,Meta,Retargeting,UAE,542.93,72095,1388,22,509.68
C0066,2024-04-06,SEO,Prospecting,UAE,496.0,93227,5521,215,2250.74
C0067,2025-02-22,Google Ads,Always on,Morocco,730.2,81705,3504,126,1530.07
C0068,2024-03-16,SEO,Always on,Morocco,699.75,75189,4737,303,2936.51
C0069,2024-03-04,SEO,Retargeting,KSA,837.06,196512,13741,943,11466.33
C0070,2024-12-11,TikTok,Retargeting,KSA,1027.22,115900,1276,14,487.88
C0071,2024-11-12,TikTok,Retargeting,UAE,1073.06,106833,1177,9,326.12
C0072,2024-04-16,Meta,Always on,UAE,540.08,48269,947,24,605.64
C0073,2025-05-07,Email,Always on,UAE,529.65,50947,5012,290,1973.06
C0074,2025-05-12,TikTok,Prospecting,Morocco,1217.61,246443,2981,23,950.86
C0075,2024-04-08,Google Ads,Always on,UAE,668.94,75460,3077,125,1367.33
C0076,2025-04-26,Email,Retargeting,UAE,963.07,137069,13723,1074,7589.69
C0077,2024-11-20,SEO,Retargeting,UAE,354.85,36038,1923,103,1209.86
C0078,2024-09-14,Meta,Prospecting,UAE,862.75,139856,2105,32,823.12
C0079,2025-05-25,TikTok,Always on,KSA,1023.3,119294,1436,11,397.61
C0080,2025-04-10,Email,Prospecting,UAE,919.59,84192,8967,441,3246.32
C0081,2025-02-02,Email,Always on,UAE,626.97,59705,5291,359,2994.66
C0082,2024-06-01,Meta,Prospecting,UAE,747.47,87496,1932,42,1139.72
C0083,2025-01-21,TikTok,Always on,UAE,721.26,69204,851,7,292.18
C0084,2024-09-24,TikTok,Always on,UAE,898.52,107484,1440,14,530.88
C0085,2024-08-19,TikTok,Retargeting,UAE,782.02,161035,2239,30,1075.74
C0086,2024-05-05,Email,Always on,UAE,700.55,105198,8012,550,4531.24
C0087,2024-03-14,Google Ads,Retargeting,Morocco,534.03,53595,2336,69,731.56
C0088,2025-06-12,Google Ads,Always on,KSA,394.49,38482,1309,60,597.95
C0089,2024-05-14,TikTok,Always on,KSA,837.14,163729,1753,14,521.73
C0090,2024-03-11,Meta,Retargeting,UAE,770.49,180388,2972,71,1710.08
C0091,2025-04-11,Email,Retargeting,UAE,584.45,51518,4197,335,2268.6
C0092,2024-03-22,TikTok,Always on,KSA,868.92,89590,1061,9,418.55
C0093,2024-03-25,Google Ads,Retargeting,KSA,1013.95,213855,8812,422,4024.1
C0094,2025-05-14,Google Ads,Retargeting,UAE,543.13,63808,3211,135,1720.37
C0095,2024-07-12,Email,Prospecting,Morocco,685.43,61560,6903,415,2992.3
C0096,2025-05-11,Meta,Always on,UAE,480.18,68616,1393,28,716.39
C0097,2025-02-04,Meta,Retargeting,UAE,750.75,74836,1390,32,907.09
C0098,2024-05-12,Google Ads,Prospecting,UAE,647.19,92542,3796,156,1567.27
C0099,2024-03-21,TikTok,Always on,UAE,726.59,79947,735,7,291.78
C0100,2024-05-21,TikTok,Retargeting,UAE,794.08,82265,779,10,370.93
C0101,2024-04-27,Google Ads,Always on,KSA,509.55,57626,3229,155,1482.86
C0102,2024-10-08,TikTok,Retargeting,UAE,1134.92,281318,2591,29,1030.88
C0103,2024-10-02,Meta,Always on,UAE,650.06,56945,991,17,469.45
C0104,2024-01-18,SEO,Always on,UAE,584.24,123111,6714,264,2563.04
C0105,2025-01-18,Google Ads,Prospecting,Morocco,954.17,181881,9833,336,3539.33
C0106,2024-02-04,TikTok,Retargeting,Morocco,1746.31,363584,3840,44,2035.25
C0107,2024-11-15,TikTok,Always on,Morocco,974.5,87589,823,7,301.62
C0108,2025-03-18,Meta,Prospecting,UAE,641.57,59344,1323,23,663.4
C0109,2024-07-14,Meta,Retargeting,Morocco,623.74,82705,1265,29,754.27
C0110,2025-04-22,Meta,Prospecting,KSA,778.67,96946,1392,21,626.07
C0111,2024-12-14,Google Ads,Retargeting,UAE,616.43,82376,4543,219,2155.32
C0112,2024-03-25,Email,Retargeting,KSA,913.37,106101,8164,680,4248.19
C0113,2024-06-13,Google Ads,Prospecting,UAE,913.45,109891,3849,140,1627.15
C0114,2024-02-21,Google Ads,Retargeting,Morocco,616.13,76733,3100,128,1280.22
C0115,2025-06-14,SEO,Always on,UAE,739.59,67996,3651,237,2352.26
C0116,2025-01-06,TikTok,Always on,UAE,1178.82,112719,1380,14,544.6
C0117,2024-08-17,Google Ads,Retargeting,UAE,272.92,29172,1616,79,978.35
C0118,2025-03-12,SEO,Prospecting,KSA,347.74,31546,2008,111,1071.02
C0119,2024-11-04,Meta,Prospecting,UAE,582.51,55960,1220,20,443.89
C0120,2024-05-24,Google Ads,Retargeting,UAE,523.14,70373,2700,112,1163.57
C0121,2025-01-25,Meta,Always on,Morocco,1120.94,114976,1872,48,1207.84
C0122,2024-10-22,TikTok,Prospecting,UAE,863.38,72396,664,6,278.02
C0123,2024-06-06,Google Ads,Always on,Morocco,326.36,41971,1975,66,645.97
C0124,2025-03-13,TikTok,Prospecting,KSA,835.35,92445,1069,14,551.41
C0125,2025-01-16,Google Ads,Always on,UAE,552.18,56058,2216,109,1288.49
C0126,2024-08-15,Email,Prospecting,KSA,548.37,56238,5102,437,3165.98
C0127,2025-06-25,Meta,Prospecting,Morocco,855.38,89454,1537,40,1179.28
C0128,2024-01-12,TikTok,Prospecting,UAE,427.98,97361,1196,10,391.16
C0129,2024-04-23,TikTok,Prospecting,UAE,1401.1,211299,2623,20,783.35
C0130,2025-06-21,SEO,Retargeting,UAE,555.86,54361,2918,198,1836.37
C0131,2024-11-13,Email,Prospecting,UAE,630.42,77757,6287,453,3555.3
C0132,2025-04-07,TikTok,Always on,Morocco,559.98,55134,528,7,292.13
C0133,2024-02-24,Email,Retargeting,KSA,558.7,57455,4387,263,1822.37
C0134,2024-11-25,SEO,Prospecting,Morocco,866.65,125673,8739,495,5266.67
C0135,2025-02-08,TikTok,Prospecting,UAE,639.24,83034,1185,13,458.53
C0136,2024-08-11,TikTok,Retargeting,KSA,710.66,105992,1213,14,636.32
C0137,2025-01-22,Meta,Always on,Morocco,460.91,39366,631,10,285.65
C0138,2024-06-17,TikTok,Retargeting,UAE,1057.75,102789,965,13,589.37
C0139,2024-06-24,Google Ads,Prospecting,Morocco,1365.62,273178,12283,395,4259.17
C0140,2024-12-07,Email,Prospecting,Morocco,451.48,56894,6373,335,2457.98
C0141,2025-03-08,Meta,Always on,KSA,717.87,109419,2390,37,876.99
C0142,2024-02-23,Meta,Always on,Morocco,527.94,45943,726,10,251.13
C0143,2024-10-02,Email,Always on,UAE,496.85,43827,4866,384,3114.26
C0144,2025-04-10,Google Ads,Always on,Morocco,571.93,80853,4540,178,1986.77
C0145,2024-07-27,Meta,Prospecting,UAE,491.62,71133,1169,19,555.37
C0146,2024-04-01,SEO,Retargeting,UAE,692.86,70233,3250,134,1420.54
C0147,2024-02-20,Meta,Always on,KSA,445.28,49845,693,12,349.06
C0148,2024-03-24,Google Ads,Always on,KSA,475.04,65251,3004,129,1618.26
C0149,2025-04-03,Meta,Retargeting,KSA,758.61,64397,879,21,492.75
C0150,2024-09-12,TikTok,Always on,UAE,1179.52,165219,2195,23,912.37
C0151,2025-05-08,Meta,Retargeting,UAE,426.46,82206,1435,26,744.02
C0152,2025-04-05,TikTok,Always on,UAE,1084.37,128514,1498,17,787.91
C0153,2025-03-18,SEO,Prospecting,KSA,675.68,74406,5290,260,2928.45
C0154,2024-05-15,TikTok,Prospecting,KSA,1455.66,140949,1952,23,886.6
C0155,2024-05-18,Google Ads,Prospecting,KSA,872.24,97591,4275,135,1598.5
C0156,2024-09-07,Meta,Prospecting,Morocco,738.78,82250,1792,46,1036.68
C0157,2024-11-19,Google Ads,Prospecting,KSA,595.01,90473,4047,156,1830.87
C0158,2024-12-04,Meta,Always on,KSA,345.0,38938,686,14,311.19
C0159,2024-03-11,Google Ads,Prospecting,UAE,1036.8,112023,6032,209,2043.07
C0160,2024-12-08,SEO,Prospecting,KSA,819.88,103035,5000,245,2422.28
C0161,2024-09-10,SEO,Retargeting,KSA,559.07,109134,6809,359,3564.12
C0162,2025-03-25,Google Ads,Prospecting,KSA,380.8,31894,1515,70,889.01
C0163,2024-04-06,TikTok,Always on,KSA,1886.09,209835,3054,29,1144.04
C0164,2024-01-26,Meta,Always on,UAE,379.58,40915,800,16,376.98
C0165,2025-02-06,Email,Prospecting,Morocco,748.28,97150,7582,626,5014.06
C0166,2025-06-15,TikTok,Prospecting,UAE,1624.42,165339,2228,27,1208.59
C0167,2024-06-14,TikTok,Always on,Morocco,622.2,94063,934,10,391.26
C0168,2024-08-10,TikTok,Always on,Morocco,1629.81,283809,3419,28,1103.76
C0169,2025-03-21,Google Ads,Retargeting,UAE,425.39,52702,2724,99,1049.54
C0170,2024-10-05,Meta,Prospecting,Morocco,827.64,123874,1927,51,1181.74
C0171,2024-11-18,Email,Always on,Morocco,439.63,78816,5696,303,2115.73
C0172,2024-08-18,Meta,Always on,Morocco,770.25,148973,2753,45,1007.84
C0173,2025-01-06,Meta,Always on,Morocco,329.5,35748,630,9,249.0
C0174,2024-05-24,Meta,Retargeting,KSA,432.61,45984,1030,25,565.74
C0175,2024-04-03,Google Ads,Prospecting,UAE,478.34,79924,4423,192,2354.61
C0176,2025-01-14,Meta,Retargeting,KSA,474.13,64318,1314,20,484.95
C0177,2024-10-18,TikTok,Always on,Morocco,477.73,98662,994,9,342.56
C0178,2025-02-24,TikTok,Prospecting,UAE,787.75,75569,1099,12,466.59
C0179,2024-07-24,TikTok,Always on,Morocco,2366.38,428257,3861,33,1485.7
C0180,2024-12-16,Google Ads,Retargeting,KSA,524.07,56414,1988,71,819.85
C0181,2024-02-06,Meta,Always on,UAE,1125.64,145581,2905,62,1408.64
C0182,2024-05-19,Google Ads,Prospecting,UAE,697.42,106095,4446,201,1908.89
C0183,2024-04-15,Email,Retargeting,UAE,571.81,93150,8560,499,4041.84
C0184,2025-03-04,Google Ads,Always on,KSA,732.46,79142,4199,188,2311.51
C0185,2024-01-13,Email,Prospecting,UAE,578.22,73679,6085,494,3972.46
C0186,2024-03-20,Meta,Retargeting,UAE,1049.65,91008,2020,48,1313.81
C0187,2024-02-01,Meta,Retargeting,UAE,409.99,66034,938,17,418.38
C0188,2025-02-03,Google Ads,Always on,Morocco,438.14,48507,2247,71,875.94
C0189,2025-04-05,Meta,Always on,UAE,1205.99,171443,2825,43,1086.15
C0190,2024-09-08,Meta,Prospecting,KSA,607.05,67809,1218,20,565.83
C0191,2024-04-20,Meta,Always on,KSA,606.33,56180,1168,27,748.26
C0192,2024-03-16,Google Ads,Prospecting,Morocco,296.62,41339,1413,58,691.05
C0193,2024-02-18,Google Ads,Retargeting,KSA,399.98,93285,3554,116,1271.69
C0194,2024-04-09,Meta,Retargeting,KSA,540.86,56990,895,21,584.19
C0195,2024-02-26,Google Ads,Retargeting,UAE,445.17,72050,3135,120,1337.81
C0196,2024-05-12,Meta,Always on,Morocco,478.88,111134,1952,33,732.19
C0197,2024-06-15,Meta,Prospecting,UAE,896.1,202405,4373,115,2707.61
C0198,2024-08-26,Google Ads,Retargeting,KSA,494.17,49036,2399,64,652.14
C0199,2024-06-11,TikTok,Always on,UAE,1154.84,107669,984,9,343.47
C0200,2025-06-08,Google Ads,Retargeting,UAE,550.42,105297,5543,172,2024.25
C0201,2024-11-06,SEO,Prospecting,KSA,492.32,45970,2420,100,1087.56
C0202,2024-09-20,Email,Retargeting,UAE,360.3,45618,4012,264,1734.38
C0203,2025-05-07,Google Ads,Prospecting,UAE,715.78,145711,5591,215,2250.12
C0204,2024-05-22,Meta,Always on,UAE,733.25,67760,1176,23,582.64
C0205,2024-07-02,SEO,Always on,KSA,457.5,49214,3085,147,1762.72
C0206,2024-08-25,Google Ads,Always on,Morocco,995.97,139250,7474,359,4463.54
C0207,2024-04-01,Google Ads,Prospecting,UAE,679.95,150917,8355,223,2343.45
C0208,2024-04-10,Meta,Prospecting,UAE,477.3,50236,845,21,594.38
C0209,2025-05-26,Email,Always on,Morocco,1319.3,193608,20914,1852,12924.26
C0210,2024-02-25,TikTok,Prospecting,UAE,1408.04,217775,3161,31,1147.57
C0211,2024-06-27,Meta,Prospecting,UAE,848.43,110697,2462,36,878.09
C0212,2025-03-01,SEO,Always on,UAE,685.3,78420,4835,296,2956.23
C0213,2025-06-08,Google Ads,Always on,UAE,461.98,41118,2208,76,891.64
C0214,2024-09-16,Meta,Always on,UAE,863.09,100018,2200,40,1135.92
C0215,2025-04-22,TikTok,Always on,UAE,839.36,71129,943,13,494.28
C0216,2024-10-14,Google Ads,Retargeting,UAE,414.38,40516,1382,66,676.4
C0217,2024-11-25,Email,Prospecting,Morocco,986.3,148037,13075,1098,7686.59
C0218,2025-03-22,Meta,Always on,KSA,625.42,62545,1204,22,577.21
C0219,2025-04-03,Meta,Prospecting,Morocco,893.29,76135,1053,28,734.57
C0220,2024-03-15,Meta,Always on,Morocco,517.24,62285,868,21,577.54
C0221,2024-09-22,Google Ads,Retargeting,UAE,373.01,54530,2343,80,755.6
C0222,2024-05-13,Google Ads,Always on,KSA,411.66,48171,1934,67,799.46
C0223,2025-02-12,TikTok,Always on,Morocco,1114.31,99680,1057,11,473.2
C0224,2024-02-19,Meta,Prospecting,KSA,579.88,55096,1056,27,615.17
C0225,2024-11-25,Email,Prospecting,Morocco,538.6,61076,5189,378,2809.99
C0226,2025-05-27,TikTok,Always on,KSA,1153.99,113616,1338,16,611.83
C0227,2024-06-01,Email,Prospecting,UAE,516.14,65270,6906,416,3337.35
C0228,2024-05-04,TikTok,Retargeting,UAE,914.04,82825,869,10,423.79
C0229,2024-05-25,Email,Always on,KSA,440.01,38839,2844,159,1255.03
C0230,2024-06-01,Meta,Prospecting,Morocco,590.66,59473,880,15,424.99
C0231,2025-02-14,SEO,Retargeting,UAE,1254.84,165939,8345,457,4453.78
C0232,2024-03-22,Google Ads,Retargeting,Morocco,407.83,44274,2465,115,1326.44
C0233,2024-08-22,Meta,Retargeting,UAE,463.48,56428,1259,28,729.18
C0234,2025-03-22,Email,Prospecting,UAE,418.28,77201,6105,541,3391.53
C0235,2025-04-19,TikTok,Always on,UAE,1033.45,146250,1509,20,722.25
C0236,2024-02-12,Meta,Always on,UAE,398.12,46772,850,19,512.53
C0237,2024-11-06,Google Ads,Retargeting,Morocco,473.85,52210,2698,74,919.28
C0238,2024-07-12,TikTok,Retargeting,UAE,635.0,70528,920,8,336.05
C0239,2025-01-04,Google Ads,Always on,UAE,384.31,63001,3211,94,890.36
C0240,2025-06-21,Meta,Prospecting,Morocco,444.29,61549,1268,19,543.76
C0241,2024-08-10,TikTok,Prospecting,KSA,576.45,105506,1154,15,519.9
C0242,2025-03-04,Google Ads,Prospecting,UAE,952.03,101437,4138,191,1933.89
C0243,2024-12-18,Google Ads,Retargeting,KSA,931.28,171321,8736,332,3860.43
C0244,2025-02-05,Google Ads,Always on,KSA,374.51,60812,2665,77,752.95
C0245,2025-01-11,Email,Prospecting,Morocco,631.83,111614,10153,744,6149.15
C0246,2024-01-10,SEO,Retargeting,Morocco,813.12,76718,4950,237,2605.22
C0247,2024-12-13,Google Ads,Always on,UAE,550.45,51158,2622,72,857.31
C0248,2025-01-09,Meta,Always on,UAE,396.91,49421,1101,25,650.12
C0249,2024-10-23,Google Ads,Prospecting,UAE,1158.6,108475,5071,201,2249.4
C0250,2025-02-01,Meta,Retargeting,Morocco,542.09,94611,1298,20,469.77
C0251,2024-10-21,TikTok,Prospecting,UAE,1238.58,256850,3028,40,1633.67
C0252,2024-12-22,Google Ads,Retargeting,KSA,740.78,109501,4332,183,1918.49
C0253,2024-04-21,Google Ads,Retargeting,Morocco,436.76,44809,2254,77,941.06
C0254,2024-07-11,SEO,Retargeting,Morocco,780.61,93459,6261,266,3233.37
C0255,2024-01-07,Google Ads,Retargeting,Morocco,786.25,77830,2887,140,1480.75
C0256,2025-06-05,Meta,Retargeting,UAE,1438.24,305800,5860,143,4170.85
C0257,2025-04-09,SEO,Prospecting,Morocco,1043.23,91908,4563,305,3431.08
C0258,2025-01-04,Meta,Retargeting,UAE,899.14,82323,1778,29,815.23
C0259,2025-02-06,Google Ads,Prospecting,UAE,812.35,130223,5104,147,1544.41
C0260,2025-02-18,Meta,Retargeting,UAE,526.55,82897,1795,48,1378.59
C0261,2024-08-13,Email,Retargeting,Morocco,456.91,58226,6348,544,3849.14
C0262,2024-02-19,SEO,Retargeting,UAE,1155.89,138424,9120,496,5025.78
C0263,2024-04-02,Meta,Prospecting,KSA,615.18,52918,718,17,480.11
C0264,2024-08-05,Google Ads,Always on,KSA,404.83,40988,1836,89,1095.41
C0265,2024-08-08,TikTok,Retargeting,KSA,635.27,69344,996,9,419.62
C0266,2024-02-24,Google Ads,Prospecting,UAE,634.18,140032,5931,183,2242.59
C0267,2024-12-24,Meta,Retargeting,KSA,848.34,88124,1975,29,790.95
C0268,2025-02-19,TikTok,Prospecting,KSA,705.14,69250,877,8,277.87
C0269,2025-03-21,Google Ads,Retargeting,KSA,394.09,37676,1352,51,497.65
C0270,2025-03-18,Google Ads,Always on,UAE,437.52,65392,3465,122,1532.48
C0271,2024-01-02,SEO,Prospecting,UAE,909.98,143729,8295,493,4514.46
C0272,2024-05-13,TikTok,Prospecting,KSA,1856.9,280154,2918,40,1632.86
C0273,2024-05-23,TikTok,Retargeting,KSA,966.59,208822,2464,21,732.27
C0274,2025-05-10,Meta,Prospecting,Morocco,566.69,68572,1033,27,796.61
C0275,2024-08-15,Email,Always on,KSA,520.56,56498,4198,314,1997.52
C0276,2024-01-08,Meta,Always on,Morocco,492.31,46086,877,22,599.01
C0277,2024-10-02,SEO,Always on,UAE,643.71,90528,4758,210,2475.78
C0278,2024-01-21,Email,Prospecting,UAE,655.54,55839,5685,385,2508.43
C0279,2024-10-22,SEO,Retargeting,UAE,435.56,45113,2539,158,1572.26
C0280,2024-03-11,Meta,Always on,Morocco,654.52,69148,1398,23,571.62
C0281,2024-06-12,SEO,Retargeting,KSA,725.49,63264,4739,228,2528.89
C0282,2024-08-16,Meta,Prospecting,UAE,690.31,68129,1346,34,791.73
C0283,2025-06-26,TikTok,Always on,UAE,2514.74,448530,5637,79,3572.96
C0284,2025-05-10,Google Ads,Always on,Morocco,745.5,68957,2934,97,991.86
C0285,2024-11-10,SEO,Prospecting,UAE,1060.54,139852,8670,397,3915.2
C0286,2024-05-01,Meta,Prospecting,UAE,524.16,97096,1698,38,880.35
C0287,2025-04-15,TikTok,Retargeting,UAE,1035.85,100762,979,12,496.06
C0288,2025-01-11,Meta,Always on,KSA,502.74,48124,743,18,477.41
C0289,2024-11-11,Email,Always on,Morocco,462.71,41873,4348,282,2079.89
C0290,2024-04-21,SEO,Prospecting,Morocco,459.78,40560,2408,114,1038.24
C0291,2025-01-14,Meta,Always on,UAE,469.99,53070,906,22,600.3
C0292,2025-01-09,Google Ads,Always on,UAE,374.67,40956,2231,95,1086.93
C0293,2024-05-14,Meta,Prospecting,KSA,1077.44,145179,2623,39,981.23
C0294,2024-06-19,Email,Retargeting,Morocco,475.76,53388,4219,273,2202.79
C0295,2024-06-01,Google Ads,Always on,UAE,1078.88,99190,4703,212,2417.41
C0296,2025-05-17,Meta,Always on,UAE,450.64,46368,735,17,482.14
C0297,2024-05-18,SEO,Prospecting,Morocco,587.08,140963,6820,422,5068.61
C0298,2024-12-11,Google Ads,Always on,KSA,605.44,67040,2910,124,1269.43
C0299,2025-05-15,TikTok,Always on,UAE,986.02,245470,2497,32,1190.86
C0300,2024-02-05,Meta,Retargeting,UAE,596.27,55016,1222,31,793.65
C0301,2025-01-07,SEO,Prospecting,KSA,716.36,68001,3469,181,1757.53
C0302,2025-04-08,TikTok,Prospecting,KSA,807.51,74365,1010,12,561.65
C0303,2024-07-17,Google Ads,Retargeting,UAE,701.07,86513,3813,150,1873.67
C0304,2025-03-03,Email,Always on,UAE,532.53,63313,6835,476,3069.75
C0305,2024-04-11,TikTok,Prospecting,UAE,1383.89,191737,1946,16,563.52
C0306,2025-01-21,Meta,Always on,UAE,605.33,57731,1175,31,700.97
C0307,2025-06-13,SEO,Always on,Morocco,774.75,141405,6618,450,4643.7
C0308,2024-10-19,Google Ads,Always on,Morocco,549.71,91935,3586,137,1504.18
C0309,2025-02-02,Google Ads,Retargeting,UAE,666.62,75363,3868,145,1662.82
C0310,2024-12-11,Google Ads,Always on,UAE,801.48,69254,3104,98,924.53
C0311,2024-05-12,Meta,Retargeting,UAE,871.2,103877,1845,27,652.65
C0312,2025-06-24,TikTok,Retargeting,UAE,633.25,95081,1066,11,503.09
C0313,2025-03-02,Google Ads,Retargeting,UAE,632.26,97122,3539,142,1737.61
C0314,2024-11-10,Meta,Prospecting,Morocco,625.32,53329,940,15,434.85
C0315,2024-10-07,Email,Always on,UAE,521.33,63569,5960,511,4261.12
C0316,2025-05-27,TikTok,Prospecting,UAE,1015.8,222463,2150,18,689.47
C0317,2024-07-03,TikTok,Retargeting,KSA,2328.42,251706,3281,40,1736.79
C0318,2024-12-01,Email,Prospecting,UAE,991.58,99840,7604,542,3678.93
C0319,2024-06-18,Email,Prospecting,KSA,718.43,116095,12042,922,6621.67
C0320,2025-04-22,SEO,Retargeting,KSA,575.31,68462,4539,300,2789.72
C0321,2025-06-02,TikTok,Prospecting,UAE,1131.82,116389,1701,17,686.0
C0322,2025-05-06,Email,Retargeting,Morocco,414.77,66703,5143,345,2267.03
C0323,2025-02-03,SEO,Always on,UAE,705.48,175060,12772,522,5833.17
C0324,2024-06-05,Google Ads,Always on,KSA,558.21,51125,2378,76,769.05
C0325,2024-07-09,TikTok,Retargeting,KSA,1303.13,169071,2445,27,1211.9
C0326,2024-12-26,Meta,Always on,UAE,1207.66,123132,1864,34,982.56
C0327,2024-06-26,Email,Prospecting,KSA,910.92,189186,19214,1478,10131.08
C0328,2025-04-20,Google Ads,Prospecting,KSA,420.54,47365,2467,71,674.51
C0329,2024-06-12,Meta,Prospecting,KSA,536.07,47221,1048,25,552.91
C0330,2024-03-09,SEO,Prospecting,UAE,557.32,77709,4445,210,2073.22
C0331,2024-06-15,Google Ads,Prospecting,UAE,430.97,44414,2138,103,1087.24
C0332,2025-04-01,TikTok,Always on,UAE,865.19,114303,1461,12,493.42
C0333,2024-08-17,Google Ads,Always on,UAE,451.28,37622,1490,44,490.65
C0334,2024-08-04,Email,Always on,Morocco,467.33,52089,4879,377,3111.1
C0335,2024-11-24,SEO,Always on,UAE,1115.33,146495,10027,483,5284.51
C0336,2024-01-11,Meta,Prospecting,Morocco,815.57,139631,2967,55,1378.26
C0337,2025-05-02,TikTok,Retargeting,UAE,1248.43,140478,1432,13,549.02
C0338,2024-09-13,TikTok,Retargeting,UAE,731.17,118106,1281,17,599.21
C0339,2024-05-19,Google Ads,Always on,UAE,424.57,95205,5062,214,2171.62
C0340,2025-05-04,Email,Prospecting,UAE,398.69,49550,5343,449,3329.51
C0341,2024-09-11,Meta,Always on,Morocco,298.0,31548,540,10,280.75
C0342,2024-02-02,TikTok,Retargeting,UAE,1314.1,182958,1803,18,634.47
C0343,2025-01-23,Meta,Always on,KSA,658.5,82244,1834,46,1339.66
C0344,2025-01-06,TikTok,Retargeting,Morocco,1432.09,208001,2169,17,665.22
C0345,2025-03-05,TikTok,Retargeting,Morocco,1736.86,400963,5848,70,2899.09
C0346,2024-08-26,Google Ads,Prospecting,Morocco,643.48,100913,4317,167,1598.45
C0347,2025-02-03,TikTok,Prospecting,Morocco,362.22,43834,575,7,327.14
C0348,2024-03-21,Meta,Prospecting,Morocco,556.93,67965,958,22,571.38
C0349,2024-04-24,Google Ads,Always on,Morocco,529.8,130304,5796,170,1901.82
C0350,2024-02-08,Google Ads,Always on,UAE,618.23,94148,3631,172,1644.03
C0351,2024-05-16,Meta,Retargeting,UAE,504.29,103107,1921,45,1241.37
C0352,2024-09-15,Google Ads,Retargeting,KSA,596.03,79153,4379,136,1650.26
C0353,2024-08-25,SEO,Always on,KSA,911.61,80145,4576,278,3347.68
C0354,2024-11-11,Google Ads,Retargeting,KSA,776.23,109234,4615,225,2598.24
C0355,2024-03-09,Google Ads,Retargeting,UAE,598.19,120556,6654,241,2584.29
C0356,2024-10-17,Meta,Retargeting,UAE,870.5,140169,2102,42,956.73
C0357,2024-03-22,Meta,Prospecting,UAE,366.49,51078,1048,19,543.6
C0358,2025-01-22,Meta,Always on,Morocco,664.9,70861,1588,36,948.54
C0359,2024-07-01,Meta,Retargeting,UAE,548.27,62603,1379,30,729.09
C0360,2025-06-03,Google Ads,Retargeting,UAE,406.71,83128,4138,175,2215.53
C0361,2024-03-22,SEO,Retargeting,UAE,597.12,76220,4870,238,2226.11
C0362,2025-04-03,Meta,Retargeting,KSA,581.53,68646,1188,32,794.87
C0363,2025-05-21,Google Ads,Prospecting,UAE,597.86,56268,2512,79,910.74
C0364,2025-05-10,Google Ads,Prospecting,UAE,519.27,128264,4484,129,1598.68
C0365,2024-06-20,TikTok,Prospecting,KSA,891.12,90386,1063,11,422.06
C0366,2024-01-08,Google Ads,Prospecting,UAE,610.53,88549,3192,130,1458.24
C0367,2024-03-17,Meta,Prospecting,UAE,528.46,44448,919,19,555.35
C0368,2024-01-15,SEO,Retargeting,UAE,640.15,74777,5003,292,2673.92
C0369,2024-09-01,Meta,Prospecting,Morocco,430.71,47120,822,12,347.09
C0370,2024-07-20,TikTok,Retargeting,UAE,1111.67,118565,1240,11,498.42
C0371,2024-09-21,Meta,Prospecting,UAE,371.33,53599,1162,20,479.42
C0372,2025-04-05,Meta,Always on,UAE,403.52,33694,703,17,405.46
C0373,2025-04-23,Email,Always on,KSA,370.65,65626,5149,282,2013.68
C0374,2024-10-12,Google Ads,Prospecting,UAE,1283.71,208392,7904,378,4032.49
C0375,2024-02-27,TikTok,Prospecting,Morocco,1218.28,132628,1494,15,574.69
C0376,2025-03-20,Meta,Always on,Morocco,573.56,60473,962,17,405.73
C0377,2024-09-25,Email,Prospecting,UAE,855.1,81911,7136,579,3811.1
C0378,2024-12-10,SEO,Always on,UAE,704.51,69411,4838,192,2075.88
C0379,2024-12-24,TikTok,Always on,UAE,1264.5,222262,2740,31,1077.55
C0380,2024-03-16,Google Ads,Prospecting,KSA,508.62,43507,1916,79,944.76
C0381,2024-10-01,TikTok,Always on,UAE,1671.11,315892,3185,35,1462.7
C0382,2025-02-03,SEO,Retargeting,UAE,1078.16,137940,6501,252,2784.01
C0383,2025-05-09,Meta,Retargeting,Morocco,715.01,91792,1449,37,868.93
C0384,2025-06-08,Meta,Always on,Morocco,1147.9,148548,3090,77,1821.97
C0385,2025-06-01,Google Ads,Always on,Morocco,1050.42,163855,7088,265,2910.75
C0386,2025-05-22,Meta,Prospecting,Morocco,583.79,104484,1787,42,929.68
C0387,2024-06-11,TikTok,Always on,Morocco,552.26,66374,715,9,376.53
C0388,2024-06-06,TikTok,Prospecting,Morocco,1026.7,129668,1902,18,721.81
C0389,2024-09-23,Meta,Prospecting,UAE,323.65,45262,685,17,448.79
C0390,2024-04-16,Meta,Prospecting,UAE,863.35,87825,1430,24,597.83
C0391,2024-11-03,Email,Retargeting,Morocco,459.01,68809,6899,561,3653.73
C0392,2025-02-06,TikTok,Retargeting,UAE,725.29,134415,1810,23,854.2
C0393,2024-03-17,Meta,Always on,Morocco,1036.83,88526,1825,47,1258.01
C0394,2025-02-16,Google Ads,Retargeting,KSA,408.04,39382,1535,66,695.14
C0395,2024-12-25,TikTok,Prospecting,Morocco,734.85,97948,1286,11,394.01
C0396,2025-01-01,Email,Retargeting,UAE,622.53,63261,5890,378,3055.45
C0397,2025-06-22,SEO,Prospecting,KSA,517.98,48546,3621,257,2725.76
C0398,2024-07-27,SEO,Retargeting,UAE,563.69,130834,7709,497,5881.51
C0399,2025-05-14,Meta,Always on,Morocco,853.83,213078,3880,81,2334.77
C0400,2024-04-18,Google Ads,Retargeting,UAE,415.1,80411,4426,214,2707.72
C0401,2025-05-19,TikTok,Always on,UAE,957.38,170599,1662,21,794.18
C0402,2024-02-15,TikTok,Retargeting,Morocco,2165.35,207072,1867,25,1134.23
C0403,2024-02-11,Email,Retargeting,KSA,703.43,89005,8805,686,5308.28
C0404,2024-12-06,Email,Retargeting,UAE,622.76,55245,5832,461,3036.03
C0405,2025-02-26,SEO,Always on,Morocco,700.82,77561,3532,181,2036.32
C0406,2024-07-21,SEO,Prospecting,Morocco,882.92,125986,6328,316,3331.83
C0407,2024-03-01,Email,Prospecting,KSA,835.23,69888,6468,482,3369.45
C0408,2025-03-05,TikTok,Prospecting,UAE,1002.04,175385,1722,20,895.81
C0409,2025-02-05,Meta,Always on,KSA,836.63,82294,1204,25,657.48
C0410,2024-02-12,Google Ads,Prospecting,UAE,462.01,97826,4057,165,1777.49
C0411,2025-05-07,SEO,Prospecting,Morocco,682.99,60611,4490,308,3178.12
C0412,2025-02-18,Google Ads,Always on,Morocco,1025.88,110765,4334,136,1344.02
C0413,2024-06-25,Google Ads,Retargeting,UAE,513.8,77450,2982,146,1421.31
C0414,2025-04-11,SEO,Always on,KSA,579.45,71718,3573,185,1682.58
C0415,2025-04-08,TikTok,Prospecting,UAE,888.32,77163,752,7,244.52
C0416,2024-07-23,Meta,Prospecting,UAE,718.58,107952,1934,35,971.45
C0417,2025-01-12,Meta,Prospecting,UAE,582.25,54319,906,18,463.43
C0418,2025-03-20,Email,Always on,UAE,689.49,128771,13262,824,5533.61
C0419,2024-05-26,TikTok,Always on,KSA,954.57,109590,1274,18,768.4
C0420,2025-06-10,TikTok,Always on,KSA,934.99,155287,1458,20,935.45
C0421,2025-04-04,Google Ads,Retargeting,UAE,438.47,61526,2347,67,775.84
C0422,2025-03-09,Meta,Prospecting,UAE,785.95,88946,1529,39,980.37
C0423,2025-04-23,Email,Prospecting,KSA,595.0,111126,8485,580,4836.91
C0424,2024-12-13,Meta,Always on,UAE,875.6,103323,2022,50,1421.67
C0425,2024-11-27,Google Ads,Retargeting,UAE,632.55,101100,3726,167,2045.54
C0426,2024-11-18,TikTok,Always on,UAE,733.45,71230,1018,12,486.79
C0427,2024-07-23,TikTok,Prospecting,KSA,601.25,115220,1115,13,581.45
C0428,2024-02-05,Google Ads,Always on,UAE,491.92,105661,5426,181,1958.46
C0429,2024-05-04,Meta,Prospecting,UAE,627.48,72711,1177,27,786.15
C0430,2024-11-19,SEO,Prospecting,KSA,288.38,35116,2232,111,1155.76
C0431,2024-04-08,Meta,Prospecting,KSA,745.96,105390,1699,37,965.14
C0432,2024-08-21,Email,Retargeting,UAE,788.56,68610,4952,410,2927.76
C0433,2024-03-18,Email,Retargeting,KSA,466.66,42330,3078,215,1698.67
C0434,2024-02-08,SEO,Prospecting,Morocco,248.42,39335,2176,104,1080.1
C0435,2024-01-16,Meta,Retargeting,KSA,1186.57,262605,5792,110,3242.47
C0436,2024-07-25,TikTok,Prospecting,UAE,602.12,79922,780,7,259.09
C0437,2024-06-09,Meta,Always on,Morocco,893.71,113302,2225,33,985.65
C0438,2024-08-16,Google Ads,Prospecting,UAE,369.85,32724,1407,64,751.16
C0439,2025-02-09,Meta,Retargeting,KSA,1243.61,123982,1767,46,1187.11
C0440,2024-07-22,Google Ads,Always on,KSA,526.81,67321,2558,79,971.04
C0441,2024-08-21,Meta,Retargeting,UAE,501.58,95161,2139,31,833.21
C0442,2024-05-10,Meta,Retargeting,KSA,508.73,52382,1155,19,454.92
C0443,2024-01-09,Meta,Prospecting,Morocco,589.24,61541,1334,35,996.82
C0444,2024-07-11,TikTok,Prospecting,KSA,630.98,105537,1381,16,731.46
C0445,2024-06-02,SEO,Prospecting,KSA,789.67,141899,8834,463,4293.76
C0446,2024-04-14,Meta,Always on,UAE,855.91,77655,1578,33,821.11
C0447,2024-04-10,Meta,Retargeting,UAE,883.35,162615,2887,46,1327.7
C0448,2024-10-12,Meta,Prospecting,UAE,509.05,64887,983,16,441.06
C0449,2024-09-13,TikTok,Retargeting,UAE,936.51,126375,1502,14,626.03
C0450,2024-05-26,Meta,Always on,UAE,508.5,59682,999,22,627.76
C0451,2025-05-20,TikTok,Prospecting,Morocco,1042.57,202107,2555,23,899.7
C0452,2024-10-12,Google Ads,Prospecting,KSA,520.52,45087,1568,64,609.07
C0453,2024-09-18,Google Ads,Prospecting,UAE,230.85,24992,988,27,270.84
C0454,2024-05-24,Google Ads,Retargeting,Morocco,487.26,45957,2065,80,943.07
C0455,2025-06-01,TikTok,Prospecting,Morocco,1058.61,248607,3139,25,1030.35
C0456,2024-03-08,Google Ads,Retargeting,UAE,980.48,158104,7444,254,2613.0
C0457,2024-04-19,Google Ads,Retargeting,KSA,725.31,130074,4644,208,2326.98
C0458,2024-09-18,Email,Retargeting,KSA,636.87,97900,8884,803,5995.94
C0459,2025-03-02,SEO,Always on,KSA,861.68,83536,6120,245,2226.52
C0460,2024-01-22,Google Ads,Retargeting,UAE,516.88,125322,6683,216,2434.08
C0461,2025-06-11,Meta,Always on,KSA,613.11,82514,1310,25,584.02
C0462,2024-07-24,SEO,Prospecting,UAE,336.0,37676,1809,70,827.61
C0463,2025-03-18,Google Ads,Retargeting,KSA,958.14,85851,3863,130,1363.01
C0464,2024-04-07,SEO,Prospecting,UAE,575.61,84468,4004,232,2815.97
C0465,2024-11-25,TikTok,Retargeting,UAE,840.83,74069,999,11,406.92
C0466,2024-05-18,SEO,Always on,Morocco,516.33,62600,3217,205,2221.01
C0467,2024-11-03,TikTok,Prospecting,UAE,1657.05,192452,2784,28,1033.65
C0468,2024-06-14,Google Ads,Retargeting,KSA,1479.0,182959,9856,476,4739.18
C0469,2025-04-05,TikTok,Retargeting,KSA,1137.62,203130,2271,22,980.72
C0470,2024-05-07,TikTok,Prospecting,KSA,1285.39,193085,2115,25,1014.5
C0471,2024-03-04,Google Ads,Always on,UAE,449.81,63279,3356,107,1094.09
C0472,2025-04-15,Google Ads,Prospecting,Morocco,614.34,100323,4640,211,2417.36
C0473,2025-04-09,SEO,Always on,Morocco,605.47,72006,3675,157,1578.51
C0474,2024-03-08,TikTok,Prospecting,Morocco,952.68,108654,1266,10,403.61
C0475,2025-03-13,TikTok,Prospecting,Morocco,464.21,55233,703,6,218.62
C0476,2024-01-13,Google Ads,Prospecting,UAE,496.66,62094,3355,105,1029.54
C0477,2025-06-08,Meta,Retargeting,Morocco,737.17,77572,1271,29,645.08
C0478,2024-10-01,SEO,Retargeting,Morocco,1365.04,232024,12512,666,7079.53
C0479,2025-02-02,Meta,Prospecting,UAE,860.03,148758,3189,55,1341.82
C0480,2024-03-17,TikTok,Prospecting,UAE,1215.02,139807,1874,15,597.06
C0481,2024-08-11,Google Ads,Prospecting,KSA,488.75,44423,1512,62,735.73
C0482,2024-08-03,Google Ads,Prospecting,KSA,446.81,39731,1366,40,473.42
C0483,2024-10-08,Meta,Prospecting,Morocco,682.72,65690,959,17,475.2
C0484,2024-06-13,Google Ads,Retargeting,Morocco,650.19,81233,4157,114,1281.59
C0485,2025-02-15,Google Ads,Always on,KSA,419.56,57975,2658,108,1270.8
C0486,2025-05-14,SEO,Retargeting,KSA,557.72,107717,5076,240,2253.66
C0487,2024-12-17,TikTok,Always on,KSA,971.61,125998,1330,18,626.66
C0488,2024-06-25,Google Ads,Always on,UAE,913.76,131202,4613,152,1730.91
C0489,2024-06-16,Google Ads,Retargeting,UAE,500.75,46489,2292,98,1213.96
C0490,2025-03-11,TikTok,Prospecting,KSA,1341.51,237567,2296,21,784.69
C0491,2024-12-02,Google Ads,Prospecting,KSA,725.74,129421,6375,201,2267.05
C0492,2024-04-18,SEO,Prospecting,UAE,527.78,70286,3310,129,1508.12
C0493,2024-08-12,TikTok,Retargeting,UAE,1159.44,208526,2482,28,1240.88
C0494,2024-01-02,Meta,Retargeting,UAE,628.65,75298,1486,35,834.4
C0495,2024-12-11,Meta,Prospecting,UAE,361.51,31270,425,11,245.84
C0496,2024-02-16,Meta,Always on,Morocco,357.98,31194,530,7,188.79
C0497,2024-08-23,Google Ads,Prospecting,KSA,611.19,61996,2780,131,1616.12
C0498,2024-01-10,Google Ads,Retargeting,Morocco,760.38,110449,4742,126,1386.57
C0499,2024-01-26,Google Ads,Prospecting,Morocco,890.81,156701,8705,325,3535.82
C0500,2024-07-23,Google Ads,Prospecting,Morocco,510.18,113387,5980,225,2571.14
C0501,2024-11-08,Meta,Retargeting,UAE,450.18,56259,910,16,398.09
C0502,2025-02-23,SEO,Prospecting,Morocco,533.7,107105,6078,308,3443.4
C0503,2024-05-22,Google Ads,Retargeting,UAE,825.55,113808,4169,195,2080.23
C0504,2025-01-15,TikTok,Prospecting,UAE,795.83,84749,849,9,403.49
C0505,2024-02-05,Meta,Retargeting,UAE,531.86,67154,1182,26,748.25
C0506,2025-01-11,Meta,Always on,UAE,866.69,91596,1650,27,779.24
C0507,2024-11-24,Meta,Always on,UAE,279.93,24749,385,6,156.57
C0508,2025-03-01,Email,Retargeting,KSA,420.87,85855,6890,373,2924.07
C0509,2024-03-07,TikTok,Always on,Morocco,1258.63,105391,998,9,407.19
C0510,2025-04-15,Google Ads,Retargeting,UAE,377.37,50666,2366,76,823.1
C0511,2024-07-02,Google Ads,Retargeting,UAE,504.49,125388,7013,329,4181.73
C0512,2025-03-25,Google Ads,Prospecting,UAE,445.71,99403,5405,255,3054.31
C0513,2025-03-23,Email,Prospecting,UAE,366.1,72910,5366,355,2855.03
C0514,2024-02-22,Meta,Always on,Morocco,483.76,52328,858,19,541.53
C0515,2024-01-08,Email,Prospecting,UAE,694.75,139471,11016,595,4722.36
C0516,2024-01-17,Email,Always on,Morocco,795.43,112525,7823,648,4435.37
C0517,2024-08-01,Google Ads,Retargeting,UAE,678.7,71646,3323,128,1460.79
C0518,2024-03-05,Meta,Retargeting,UAE,871.81,119794,1906,50,1472.14
C0519,2024-10-07,Meta,Prospecting,UAE,737.74,174495,2481,37,853.61
C0520,2024-12-25,SEO,Always on,KSA,660.95,69339,5100,215,2320.42
C0521,2024-02-08,Meta,Prospecting,UAE,680.87,74196,1133,22,645.2
C0522,2024-07-27,SEO,Retargeting,UAE,913.55,158079,10154,517,5553.05
C0523,2025-01-24,Google Ads,Prospecting,UAE,837.74,71810,2918,96,948.2
C0524,2024-06-12,Google Ads,Prospecting,UAE,437.37,40259,1762,79,757.73
C0525,2024-01-02,SEO,Always on,UAE,421.59,51767,2779,124,1357.48
C0526,2024-11-09,Meta,Retargeting,Morocco,498.02,109514,1708,37,826.99
C0527,2024-12-09,SEO,Always on,KSA,571.38,95346,7002,318,2871.58
C0528,2024-02-02,Google Ads,Always on,KSA,586.53,68593,3281,118,1459.97
C0529,2025-01-08,Meta,Retargeting,KSA,656.8,100714,1679,26,761.86
C0530,2024-05-14,Google Ads,Retargeting,KSA,629.39,135703,7558,229,2358.82
C0531,2024-12-24,Meta,Always on,KSA,1016.26,156065,3079,78,2260.58
C0532,2024-06-22,Meta,Always on,UAE,1090.76,101819,2028,34,834.34
C0533,2025-06-13,SEO,Retargeting,UAE,1150.07,100481,5717,398,3956.29
C0534,2024-01-12,TikTok,Retargeting,KSA,1357.29,164246,2153,21,877.72
C0535,2024-09-14,Meta,Prospecting,Morocco,281.86,24651,410,6,171.94
C0536,2024-09-15,Email,Retargeting,Morocco,762.92,91014,9065,781,5849.32
C0537,2024-05-11,Meta,Retargeting,KSA,571.58,78951,1568,33,920.01
C0538,2025-03-10,SEO,Always on,Morocco,839.68,202045,9185,545,5488.3
C0539,2025-02-21,Meta,Prospecting,KSA,382.92,42377,915,23,573.8
C0540,2024-09-17,Meta,Retargeting,UAE,978.08,88605,1446,33,973.03
C0541,2024-05-22,Email,Retargeting,UAE,646.07,138199,15068,1359,9167.97
C0542,2024-12-11,TikTok,Always on,UAE,418.13,38519,414,3,133.81
C0543,2025-03-07,Google Ads,Prospecting,Morocco,519.38,68912,3624,151,1846.74
C0544,2025-03-18,Google Ads,Retargeting,UAE,611.92,70633,3619,162,1691.36
C0545,2025-06-19,Email,Always on,UAE,647.48,145318,9960,591,4028.67
C0546,2024-04-23,Google Ads,Retargeting,UAE,1136.04,200976,8763,402,4954.79
C0547,2024-08-08,Google Ads,Always on,UAE,481.69,66360,3091,134,1556.76
C0548,2025-04-26,Meta,Prospecting,UAE,629.96,70641,1115,17,437.03
C0549,2025-03-11,Google Ads,Retargeting,UAE,667.78,97057,4824,169,1820.83
C0550,2024-03-05,Email,Retargeting,KSA,533.61,44854,4800,288,2064.78
C0551,2025-01-12,Google Ads,Always on,UAE,504.01,48080,1724,84,857.6
C0552,2024-06-02,SEO,Always on,Morocco,810.1,98487,5585,326,3285.98
C0553,2024-02-23,Google Ads,Always on,UAE,552.66,60099,2606,100,1116.26
C0554,2024-12-23,Google Ads,Always on,UAE,592.64,86464,3384,139,1765.19
C0555,2024-11-10,Meta,Always on,KSA,716.5,151837,2115,39,1160.87
C0556,2024-03-19,Google Ads,Prospecting,UAE,416.09,82919,3050,137,1402.44
C0557,2024-01-06,SEO,Retargeting,Morocco,1014.71,157218,9742,475,4792.85
C0558,2025-05-27,Google Ads,Always on,KSA,537.12,83994,2968,122,1444.82
C0559,2025-02-11,Email,Prospecting,Morocco,757.76,187821,16398,1446,10412.89
C0560,2024-12-03,SEO,Always on,UAE,869.08,148444,10014,523,5887.75
C0561,2024-01-05,SEO,Prospecting,UAE,737.12,66270,3284,220,2433.36
C0562,2024-11-16,Meta,Prospecting,UAE,503.29,54806,1099,25,619.87
C0563,2024-04-27,Email,Retargeting,Morocco,441.24,60423,4829,434,2713.65
C0564,2025-05-06,Meta,Always on,Morocco,404.9,44520,771,20,513.18
C0565,2025-06-11,TikTok,Prospecting,KSA,1107.1,199008,2875,40,1799.81
C0566,2024-11-02,SEO,Retargeting,UAE,834.47,81834,5790,307,3403.63
C0567,2025-02-03,Google Ads,Always on,UAE,393.58,57533,3117,88,879.95
C0568,2025-04-05,Google Ads,Always on,Morocco,278.78,23650,944,43,473.92
C0569,2025-02-25,Meta,Prospecting,UAE,489.86,64578,1239,26,710.35
C0570,2025-01-27,Google Ads,Always on,Morocco,420.97,49484,2222,106,1103.88
C0571,2025-06-19,Google Ads,Retargeting,KSA,906.66,173234,8848,290,2790.47
C0572,2024-08-13,Meta,Always on,UAE,595.98,97029,1608,31,757.25
C0573,2024-05-08,Google Ads,Always on,UAE,498.66,71048,3552,130,1372.72
C0574,2024-03-19,SEO,Retargeting,Morocco,724.5,126071,8988,554,6215.95
C0575,2024-12-20,Google Ads,Prospecting,KSA,554.64,59515,2440,101,1028.16
C0576,2024-07-04,SEO,Retargeting,UAE,781.48,156395,10187,692,6273.2
C0577,2024-05-26,Google Ads,Retargeting,UAE,625.47,137500,7016,346,4152.07
C0578,2024-03-16,Meta,Always on,KSA,610.01,136156,2393,58,1526.89
C0579,2025-05-27,SEO,Always on,Morocco,247.39,28848,1564,68,648.99
C0580,2024-12-16,Email,Always on,Morocco,564.69,84587,6456,463,3839.92
C0581,2024-02-05,Meta,Always on,Morocco,329.01,29454,601,11,276.47
C0582,2024-11-23,Google Ads,Retargeting,KSA,910.8,226292,8876,399,4657.4
C0583,2024-04-08,Meta,Always on,Morocco,588.79,74512,1052,23,686.19
C0584,2024-02-25,Google Ads,Prospecting,UAE,988.55,83940,3181,136,1559.11
C0585,2025-05-18,Email,Prospecting,UAE,498.16,62888,6252,469,3474.3
C0586,2025-02-27,Google Ads,Prospecting,UAE,1672.36,223707,11757,573,5614.54
C0587,2024-10-15,Meta,Prospecting,UAE,806.28,91625,1488,34,838.33
C0588,2024-10-01,TikTok,Retargeting,Morocco,861.91,101003,1256,15,543.76
C0589,2024-05-19,TikTok,Always on,Morocco,1039.33,222016,3226,42,1954.98
C0590,2024-09-10,SEO,Retargeting,KSA,548.72,52173,2508,107,1102.85
C0591,2025-03-16,TikTok,Prospecting,UAE,942.53,90578,870,8,363.76
C0592,2025-02-04,TikTok,Prospecting,Morocco,955.81,79962,755,9,364.78
C0593,2024-10-02,Email,Always on,UAE,571.43,52509,4204,330,2235.59
C0594,2024-04-04,Meta,Always on,KSA,817.72,110556,1975,46,1364.06
C0595,2025-04-04,SEO,Prospecting,KSA,479.83,89198,6345,368,3475.59
C0596,2025-04-26,Meta,Prospecting,UAE,529.08,65228,1388,21,575.19
C0597,2024-07-17,Meta,Always on,UAE,401.2,35236,528,13,299.02
C0598,2024-01-24,Meta,Always on,KSA,823.28,115866,2388,63,1706.73
C0599,2025-03-08,SEO,Retargeting,UAE,499.76,114562,7984,353,3557.67
C0600,2024-10-13,Meta,Retargeting,UAE,545.65,61837,1085,18,508.23
C0601,2025-04-24,Google Ads,Retargeting,UAE,725.0,153112,6162,199,1904.84
C0602,2024-06-18,Google Ads,Always on,KSA,548.86,131563,4968,165,1645.87
C0603,2024-04-23,SEO,Prospecting,KSA,1097.68,106731,7333,435,5030.45
C0604,2024-07-12,Meta,Always on,KSA,898.16,198364,4166,63,1601.67
C0605,2024-01-02,Email,Retargeting,Morocco,501.82,74235,5147,324,2469.55
C0606,2024-02-15,Google Ads,Prospecting,UAE,1013.54,224546,12254,595,7399.69
C0607,2024-08-10,Email,Always on,Morocco,546.85,57442,4097,201,1660.07
C0608,2024-07-22,Meta,Prospecting,UAE,430.29,80165,1140,17,428.67
C0609,2025-04-26,Meta,Prospecting,UAE,471.23,48845,766,18,495.58
C0610,2024-10-18,Google Ads,Retargeting,KSA,551.52,49784,2201,92,1141.76
C0611,2024-08-09,Google Ads,Always on,KSA,515.0,117901,4567,185,2269.53
C0612,2025-03-09,TikTok,Retargeting,UAE,696.35,76639,723,9,326.0
C0613,2024-09-05,SEO,Always on,UAE,970.58,216050,16079,627,7021.9
C0614,2025-04-12,Google Ads,Prospecting,KSA,442.74,44117,2013,94,1083.83
C0615,2025-04-07,Google Ads,Prospecting,UAE,282.28,24295,1059,47,555.62
C0616,2024-05-06,Email,Always on,Morocco,1201.24,175169,12340,770,4904.9
C0617,2024-08-23,Meta,Prospecting,UAE,402.51,34463,616,15,401.45
C0618,2025-02-20,Google Ads,Retargeting,Morocco,606.55,53798,2675,107,1026.06
C0619,2025-01-17,TikTok,Always on,KSA,1725.39,292869,3725,45,1973.71
C0620,2024-02-19,SEO,Retargeting,KSA,472.31,41614,2000,92,1079.18
C0621,2024-06-22,Meta,Always on,KSA,671.09,135707,2115,52,1477.58
C0622,2024-02-05,TikTok,Prospecting,Morocco,627.97,85588,1250,15,558.41
C0623,2025-04-08,TikTok,Prospecting,Morocco,911.97,168375,1924,19,724.03
C0624,2025-04-05,Meta,Always on,Morocco,791.18,68115,1425,32,879.99
C0625,2024-09-24,Email,Always on,UAE,1063.32,153943,12101,1061,8699.72
C0626,2024-08-06,Google Ads,Always on,Morocco,819.61,70001,3358,128,1525.39
C0627,2024-06-10,Email,Retargeting,UAE,612.97,53032,4787,395,2910.41
C0628,2025-03-16,Google Ads,Prospecting,Morocco,803.79,115824,6408,316,3120.05
C0629,2024-11-23,Meta,Always on,UAE,331.05,32514,440,9,222.17
C0630,2024-05-27,Meta,Retargeting,UAE,524.34,53090,1111,29,791.93
C0631,2025-01-12,TikTok,Retargeting,UAE,788.74,118441,1228,13,460.57
C0632,2024-10-27,Google Ads,Prospecting,UAE,1228.51,142246,5008,199,2341.82
C0633,2025-03-06,Meta,Prospecting,UAE,734.11,69393,1086,17,393.98
C0634,2024-12-11,Meta,Always on,KSA,634.31,67757,921,18,431.79
C0635,2025-04-04,Google Ads,Always on,Morocco,522.55,47311,1700,77,742.7
C0636,2024-07-21,SEO,Retargeting,UAE,468.53,66351,4675,228,2204.18
C0637,2025-04-16,TikTok,Always on,UAE,1083.16,209322,2894,40,1749.87
C0638,2024-03-15,Google Ads,Retargeting,UAE,620.82,120332,5276,145,1693.94
C0639,2024-08-17,Email,Always on,UAE,954.35,99544,8283,588,4373.38
C0640,2024-05-19,Email,Always on,UAE,278.42,32580,3478,190,1591.27
C0641,2024-01-22,SEO,Retargeting,KSA,536.09,51931,3828,168,1860.89
C0642,2024-01-24,Google Ads,Always on,KSA,541.82,74972,3992,134,1695.13
C0643,2024-09-26,Google Ads,Prospecting,KSA,453.55,51821,2848,136,1533.32
C0644,2024-04-03,Meta,Prospecting,KSA,360.88,64278,890,21,466.02
C0645,2024-04-18,Meta,Retargeting,Morocco,497.44,63511,1301,28,814.69
C0646,2024-11-15,SEO,Always on,Morocco,415.71,52669,2494,155,1715.3
C0647,2025-04-04,Google Ads,Prospecting,UAE,553.96,56198,1989,54,567.34
C0648,2024-07-15,Google Ads,Prospecting,KSA,631.21,121796,4180,146,1739.81
C0649,2025-05-13,TikTok,Always on,KSA,624.99,142494,1441,20,891.32
C0650,2024-11-01,Email,Always on,UAE,873.0,83795,8100,491,3362.23
C0651,2024-04-27,TikTok,Retargeting,KSA,786.32,147478,1433,13,476.18
C0652,2024-03-07,Meta,Retargeting,UAE,879.0,74010,1393,22,619.33
C0653,2025-05-08,Meta,Prospecting,UAE,360.45,55805,914,15,443.65
C0654,2024-04-24,Meta,Prospecting,KSA,400.09,55118,1033,22,549.23
C0655,2024-09-08,Email,Always on,UAE,370.9,41196,3543,297,1852.67
C0656,2024-10-17,Google Ads,Always on,UAE,421.72,40909,2166,105,1030.36
C0657,2025-01-09,Google Ads,Prospecting,UAE,639.78,69924,2603,75,893.97
C0658,2024-12-13,TikTok,Prospecting,UAE,1245.13,259013,3871,41,1728.49
C0659,2024-02-18,Meta,Always on,Morocco,210.4,18693,294,5,126.17
C0660,2024-06-21,Meta,Retargeting,UAE,610.92,71776,1197,17,473.02
C0661,2025-06-07,Email,Prospecting,UAE,575.01,69424,7520,488,3548.14
C0662,2024-08-08,Meta,Always on,UAE,540.01,89405,1947,29,803.12
C0663,2024-09-12,Meta,Retargeting,UAE,899.76,78040,1300,19,436.07
C0664,2025-02-22,Google Ads,Prospecting,KSA,362.55,47975,1779,74,790.49
C0665,2024-06-19,SEO,Retargeting,KSA,710.27,59255,3565,190,2226.17
C0666,2025-06-27,Meta,Retargeting,KSA,580.46,98082,2009,41,1179.52
C0667,2024-03-22,TikTok,Always on,Morocco,629.63,67427,804,8,351.74
C0668,2024-02-19,SEO,Always on,Morocco,1301.71,171281,9775,524,5091.47
C0669,2025-01-14,SEO,Always on,KSA,412.86,65189,4614,325,3621.68
C0670,2025-06-01,TikTok,Retargeting,UAE,836.34,167194,2335,20,860.14
C0671,2024-05-26,Email,Always on,UAE,768.25,178202,17938,1237,10039.7
C0672,2024-03-20,SEO,Always on,UAE,535.73,65612,4279,296,3288.64
C0673,2024-03-01,Google Ads,Always on,UAE,291.56,69127,2931,119,1462.6
C0674,2024-08-09,SEO,Always on,UAE,748.54,178721,11210,664,7111.84
C0675,2025-03-15,SEO,Always on,UAE,813.18,120119,8026,362,4156.08
C0676,2024-04-14,Meta,Prospecting,UAE,632.55,94068,1906,49,1190.5
C0677,2025-06-07,Meta,Retargeting,Morocco,300.91,56579,1131,16,387.27
C0678,2024-04-20,TikTok,Retargeting,KSA,619.3,95733,1374,16,702.05
C0679,2024-01-25,Google Ads,Prospecting,UAE,623.73,116366,5626,160,1915.13
C0680,2025-01-12,Meta,Retargeting,UAE,993.22,214196,3570,52,1223.95
C0681,2025-02-14,TikTok,Prospecting,Morocco,1094.45,108629,1495,18,774.47
C0682,2024-05-27,TikTok,Prospecting,KSA,785.61,87104,1081,11,483.9
C0683,2024-02-02,TikTok,Retargeting,KSA,424.62,35889,409,4,144.91
C0684,2024-11-15,Email,Always on,Morocco,1082.95,166569,12440,784,5636.57
C0685,2024-11-19,Meta,Retargeting,Morocco,845.49,205751,3208,68,1532.57
C0686,2024-03-19,TikTok,Prospecting,KSA,547.55,50952,602,5,217.04
C0687,2024-10-03,SEO,Always on,UAE,543.62,70772,3711,203,1842.52
C0688,2024-03-22,TikTok,Always on,Morocco,1391.1,215418,2937,30,1166.38
C0689,2024-03-15,TikTok,Always on,UAE,1205.93,278520,3173,40,1703.11
C0690,2025-05-04,Meta,Prospecting,UAE,860.69,182023,2783,46,1173.64
C0691,2024-09-22,Email,Prospecting,Morocco,504.29,54498,4827,299,2189.1
C0692,2024-12-12,Email,Prospecting,UAE,579.87,122665,11713,991,7680.88
C0693,2024-08-06,Meta,Retargeting,Morocco,512.75,52944,1065,20,535.06
C0694,2024-04-12,SEO,Prospecting,KSA,381.85,39187,2034,80,721.44
C0695,2024-04-11,Google Ads,Always on,UAE,523.01,118311,5874,213,2283.77
C0696,2024-09-13,SEO,Always on,UAE,586.8,118250,7110,508,6018.31
C0697,2025-06-13,Meta,Always on,KSA,530.01,108264,1643,35,969.93
C0698,2025-01-17,TikTok,Prospecting,UAE,833.56,124542,1312,13,513.51
C0699,2025-06-24,Google Ads,Prospecting,KSA,836.09,93674,3736,137,1707.09
C0700,2024-11-19,TikTok,Always on,UAE,1035.69,212867,2561,35,1267.1
C0701,2025-04-02,Google Ads,Retargeting,Morocco,556.39,54721,2584,111,1251.8
C0702,2024-07-19,Google Ads,Retargeting,UAE,786.23,83265,4235,167,1911.94
C0703,2025-04-23,TikTok,Retargeting,UAE,846.33,84521,1018,11,462.55
C0704,2024-03-13,Google Ads,Retargeting,KSA,572.21,59233,2276,77,763.15
C0705,2024-12-08,Meta,Retargeting,KSA,991.47,85525,1525,41,1008.41
C0706,2024-04-11,SEO,Prospecting,Morocco,334.03,38396,2769,193,2001.19
C0707,2024-10-12,Google Ads,Prospecting,KSA,422.28,70839,3162,138,1350.52
C0708,2024-09-18,Google Ads,Retargeting,Morocco,595.5,69511,3240,141,1767.57
C0709,2024-10-08,Meta,Always on,Morocco,1057.48,102746,2090,51,1458.06
C0710,2024-11-01,TikTok,Retargeting,Morocco,1231.32,133597,1817,25,986.3
C0711,2024-08-14,Meta,Prospecting,KSA,948.17,80430,1771,42,1205.63
C0712,2025-04-10,Google Ads,Prospecting,KSA,638.19,63297,3177,126,1463.44
C0713,2024-05-18,Meta,Prospecting,KSA,1148.6,138832,2659,58,1397.57
C0714,2024-03-17,Google Ads,Always on,UAE,711.87,69957,2920,137,1394.19
C0715,2025-02-21,TikTok,Prospecting,UAE,544.76,70056,908,8,314.99
C0716,2024-11-18,Google Ads,Always on,UAE,523.09,69052,3667,102,1152.34
C0717,2024-04-25,Meta,Retargeting,Morocco,660.16,60585,860,19,462.04
C0718,2024-10-07,Email,Prospecting,Morocco,524.35,66337,6617,325,2636.43
C0719,2024-05-06,SEO,Retargeting,KSA,840.98,78869,4766,222,2012.51
C0720,2024-04-27,TikTok,Retargeting,UAE,1160.25,143640,1738,17,672.33
C0721,2024-03-12,Email,Retargeting,KSA,1063.34,142114,15511,1176,7581.69
C0722,2024-08-21,Google Ads,Always on,UAE,695.9,144609,6677,225,2279.38
C0723,2025-02-19,Google Ads,Prospecting,KSA,368.53,38395,2000,79,834.95
C0724,2024-03-24,TikTok,Always on,KSA,869.66,199040,2841,33,1180.45
C0725,2024-02-18,Google Ads,Prospecting,Morocco,343.28,35309,1266,59,740.71
C0726,2025-06-10,Meta,Always on,KSA,336.81,34553,672,11,316.17
C0727,2024-11-11,Google Ads,Retargeting,UAE,633.5,84888,4754,168,1804.57
C0728,2025-03-02,Google Ads,Always on,UAE,581.42,65395,3408,134,1298.82
C0729,2024-11-26,TikTok,Retargeting,UAE,846.24,88378,1111,10,420.46
C0730,2024-01-17,Email,Prospecting,Morocco,708.63,72579,5410,460,3105.74
C0731,2024-05-17,Meta,Always on,UAE,951.75,90131,1610,27,725.88
C0732,2024-11-06,Meta,Always on,KSA,644.29,118252,2281,46,1343.92
C0733,2024-10-05,Google Ads,Prospecting,KSA,775.01,66754,2792,96,1216.63
C0734,2024-04-05,SEO,Always on,UAE,540.75,69607,3658,225,2203.64
C0735,2024-10-04,Google Ads,Always on,UAE,865.92,138858,5936,195,2084.7
C0736,2024-06-15,TikTok,Prospecting,UAE,514.98,75971,726,6,273.74
C0737,2024-04-24,Google Ads,Prospecting,UAE,1136.54,199818,7952,363,3561.4
C0738,2025-06-01,TikTok,Always on,UAE,649.93,80638,937,8,373.99
C0739,2025-02-16,TikTok,Retargeting,KSA,695.9,116909,1160,15,612.59
C0740,2024-12-20,Email,Always on,UAE,714.84,176955,18611,945,7652.99
C0741,2024-04-18,Email,Prospecting,KSA,486.24,48479,4536,245,1994.38
C0742,2024-11-25,SEO,Prospecting,Morocco,399.17,35835,1785,116,1122.75
C0743,2025-06-17,Meta,Prospecting,Morocco,1153.33,161126,2927,66,1528.2
C0744,2025-05-15,Google Ads,Prospecting,UAE,661.96,65069,2952,99,1186.27
C0745,2024-08-21,TikTok,Prospecting,Morocco,812.87,94962,1193,16,612.35
C0746,2024-09-23,Google Ads,Always on,UAE,427.36,63327,3555,126,1291.31
C0747,2025-06-18,TikTok,Retargeting,Morocco,529.89,66563,713,9,350.93
C0748,2024-12-03,Google Ads,Always on,KSA,1348.45,147820,5893,250,2958.44
C0749,2024-12-13,SEO,Retargeting,UAE,569.81,50393,3126,183,1997.46
C0750,2024-01-05,Google Ads,Retargeting,UAE,1285.97,138507,7210,246,2344.53
C0751,2024-03-09,Google Ads,Always on,UAE,401.08,73656,3625,145,1763.64
C0752,2025-06-26,SEO,Always on,UAE,483.38,41030,2477,97,912.63
C0753,2024-05-16,TikTok,Retargeting,UAE,695.92,167693,1758,19,809.7
C0754,2024-08-07,Meta,Always on,UAE,912.2,152589,3365,51,1219.84
C0755,2024-06-16,Email,Prospecting,UAE,473.51,40783,3426,193,1373.18
C0756,2024-11-02,Google Ads,Always on,Morocco,274.98,24012,1013,37,450.79
C0757,2025-05-26,Meta,Always on,Morocco,1022.41,197450,3465,51,1288.65
C0758,2024-10-19,Meta,Retargeting,KSA,763.45,93190,1772,36,966.64
C0759,2024-06-04,SEO,Always on,KSA,909.22,91279,4138,257,2612.45
C0760,2024-10-15,TikTok,Retargeting,UAE,858.14,149137,1405,17,793.89
C0761,2024-01-11,SEO,Prospecting,UAE,533.27,87016,5720,302,3484.98
C0762,2024-05-05,TikTok,Prospecting,UAE,733.18,82763,1227,10,432.85
C0763,2024-09-12,Google Ads,Retargeting,UAE,1003.21,118515,5243,162,1894.63
C0764,2024-05-27,Email,Always on,KSA,302.2,26567,2812,163,1362.39
C0765,2025-06-08,TikTok,Always on,KSA,834.67,98679,908,11,427.71
C0766,2025-01-04,TikTok,Prospecting,KSA,638.35,93388,1240,15,611.41
C0767,2024-08-23,Google Ads,Retargeting,UAE,1042.86,93068,4841,173,2167.41
C0768,2024-11-03,TikTok,Always on,KSA,715.1,67056,617,8,367.15
C0769,2025-05-05,SEO,Prospecting,Morocco,412.84,77130,5020,345,4130.97
C0770,2024-02-25,TikTok,Prospecting,Morocco,1005.4,122167,1130,11,472.54
C0771,2024-07-16,Google Ads,Retargeting,KSA,885.07,78367,2662,129,1458.55
C0772,2025-02-09,Meta,Retargeting,KSA,417.35,66326,951,17,462.25
C0773,2024-12-15,TikTok,Retargeting,KSA,623.38,57711,610,6,278.76
C0774,2024-05-09,TikTok,Always on,UAE,1150.79,115943,1304,18,747.91
C0775,2025-02-19,TikTok,Retargeting,KSA,848.96,93415,1133,11,438.02
C0776,2024-06-21,SEO,Retargeting,Morocco,868.82,202468,14444,696,7796.69
C0777,2024-10-15,SEO,Always on,UAE,566.44,78437,5742,349,3234.19
C0778,2025-03-08,SEO,Prospecting,UAE,579.76,111063,6797,345,4069.32
C0779,2024-08-26,TikTok,Prospecting,Morocco,770.39,79318,753,9,405.83
C0780,2024-03-15,Meta,Prospecting,Morocco,691.74,97789,1504,28,816.07
C0781,2024-08-14,Meta,Retargeting,UAE,778.38,72630,986,24,712.17
C0782,2024-08-11,SEO,Retargeting,KSA,597.97,54988,3255,194,1924.9
C0783,2024-10-22,Meta,Always on,UAE,1241.54,109339,2014,51,1301.77
C0784,2025-01-02,TikTok,Retargeting,Morocco,1402.54,167960,2440,22,892.9
C0785,2025-06-01,Meta,Prospecting,Morocco,524.86,68181,1489,34,956.92
C0786,2024-07-26,Email,Prospecting,KSA,686.0,61053,5907,530,3598.25
C0787,2024-06-08,Meta,Always on,UAE,545.99,73287,1417,34,943.88
C0788,2024-02-05,Email,Retargeting,UAE,547.5,108628,9764,551,4550.37
C0789,2024-02-20,SEO,Retargeting,UAE,790.89,84414,5551,265,2799.4
C0790,2024-02-22,SEO,Always on,UAE,592.84,122694,7817,485,5034.58
C0791,2025-01-01,TikTok,Retargeting,Morocco,771.94,127552,1487,16,636.13
C0792,2025-04-03,Email,Always on,KSA,599.62,97206,10129,545,4098.56
C0793,2024-01-06,Google Ads,Retargeting,KSA,534.27,49191,2092,80,942.56
C0794,2024-11-03,TikTok,Always on,Morocco,632.31,74489,965,8,292.76
C0795,2025-04-12,Google Ads,Always on,Morocco,553.26,106933,5241,169,1944.91
C0796,2025-03-25,Email,Retargeting,Morocco,748.27,139201,10126,814,5153.58
C0797,2025-04-20,Google Ads,Always on,KSA,657.87,73901,3752,125,1521.43
C0798,2025-02-21,TikTok,Retargeting,Morocco,559.51,78798,823,9,412.87
C0799,2024-02-11,TikTok,Always on,KSA,585.27,69080,962,12,518.42
C0800,2025-06-08,SEO,Retargeting,UAE,418.01,46336,3152,165,1574.92
C0801,2024-08-06,Email,Retargeting,KSA,617.28,55952,6223,532,4242.43
C0802,2025-02-25,TikTok,Always on,UAE,643.31,114020,1500,17,794.27
C0803,2025-05-04,Meta,Always on,KSA,636.52,124460,2343,62,1424.38
C0804,2024-03-15,Meta,Prospecting,Morocco,574.31,110611,1927,46,1295.93
C0805,2025-06-04,TikTok,Always on,UAE,534.86,58489,714,6,219.82
C0806,2024-07-12,Meta,Retargeting,Morocco,610.65,79379,1677,35,852.44
C0807,2025-03-23,TikTok,Always on,UAE,1470.96,124803,1598,16,603.01
C0808,2024-02-27,Google Ads,Prospecting,UAE,485.13,67531,2348,70,664.1
C0809,2024-08-18,Meta,Prospecting,KSA,643.53,58140,1301,29,651.56
C0810,2024-04-17,SEO,Always on,UAE,1216.31,109355,5239,289,3043.88
C0811,2025-02-16,TikTok,Retargeting,UAE,1471.48,324392,3501,30,1120.39
C0812,2024-06-02,SEO,Prospecting,UAE,844.46,158522,8182,373,4036.13
C0813,2024-01-15,Google Ads,Prospecting,UAE,502.77,46094,1609,57,724.73
C0814,2024-04-02,Meta,Retargeting,KSA,577.84,100305,1977,43,1066.26
C0815,2024-04-14,Email,Always on,KSA,584.1,65439,5904,313,2566.05
C0816,2024-03-19,Meta,Always on,Morocco,514.72,48718,863,15,421.45
C0817,2024-07-26,Meta,Prospecting,UAE,457.86,39949,609,16,449.22
C0818,2025-05-19,TikTok,Always on,UAE,1106.42,175284,1881,26,1113.42
C0819,2024-09-16,Google Ads,Always on,UAE,415.93,53830,2625,74,759.99
C0820,2025-04-14,Google Ads,Always on,Morocco,749.27,96414,5117,160,1511.09
C0821,2025-01-10,TikTok,Always on,UAE,607.63,130634,1420,16,719.04
C0822,2024-06-08,Google Ads,Prospecting,KSA,603.56,62596,3091,143,1672.26
C0823,2025-02-18,TikTok,Always on,Morocco,557.81,47238,476,5,180.7
C0824,2024-04-21,Meta,Retargeting,KSA,1035.26,128123,1757,38,1122.17
C0825,2024-12-15,TikTok,Retargeting,KSA,835.49,81987,929,9,371.79
C0826,2025-06-07,TikTok,Prospecting,UAE,1529.7,207202,2646,30,1326.54
C0827,2024-03-08,Google Ads,Always on,Morocco,822.74,87043,3166,90,1006.96
C0828,2024-02-23,Meta,Prospecting,Morocco,954.84,80854,1297,22,549.18
C0829,2024-12-05,SEO,Always on,UAE,544.47,84463,4613,291,3252.22
C0830,2025-02-21,Meta,Always on,KSA,505.62,121233,1655,41,1071.25
C0831,2024-12-22,TikTok,Retargeting,Morocco,807.75,121856,1178,12,444.05
C0832,2025-05-24,Meta,Retargeting,KSA,443.46,50189,1105,20,537.6
C0833,2024-01-06,SEO,Prospecting,Morocco,646.49,136779,8386,588,6644.05
C0834,2024-01-19,Meta,Retargeting,UAE,697.65,80392,1244,25,698.31
C0835,2024-09-11,Google Ads,Prospecting,KSA,864.06,180030,6568,250,2623.81
C0836,2024-04-17,TikTok,Always on,KSA,1280.6,142884,1511,16,641.16
C0837,2025-02-25,TikTok,Always on,Morocco,684.57,66108,658,8,333.35
C0838,2024-05-09,Google Ads,Prospecting,Morocco,628.1,78139,3746,126,1430.28
C0839,2025-05-20,SEO,Always on,UAE,503.26,64406,4459,302,3635.22
C0840,2024-07-21,Meta,Always on,KSA,858.48,100929,1765,40,1015.12
C0841,2025-01-03,Google Ads,Retargeting,Morocco,686.72,111720,4152,201,2360.26
C0842,2024-07-26,Google Ads,Retargeting,UAE,626.62,53353,2752,84,950.07
C0843,2025-04-24,Google Ads,Prospecting,UAE,609.4,127594,4610,197,2268.77
C0844,2024-04-27,SEO,Prospecting,UAE,898.93,97986,4726,268,2632.37
C0845,2025-04-21,TikTok,Prospecting,UAE,1249.39,237251,3525,32,1204.16
C0846,2024-07-26,Google Ads,Always on,KSA,423.7,39687,1816,49,486.49
C0847,2024-07-07,TikTok,Prospecting,UAE,1081.68,94733,1271,15,688.68
C0848,2024-05-24,Email,Retargeting,UAE,398.62,38060,4280,369,2918.23
C0849,2024-06-07,TikTok,Prospecting,KSA,917.11,162772,2130,29,1271.74
C0850,2024-05-11,Meta,Always on,UAE,385.58,64292,1036,16,398.52
C0851,2025-01-18,Meta,Prospecting,UAE,989.43,93877,1751,33,772.89
C0852,2024-11-24,Google Ads,Retargeting,UAE,547.31,50732,2476,95,1191.35
C0853,2025-05-14,Meta,Retargeting,KSA,780.41,168557,3188,83,1927.26
C0854,2025-01-11,Meta,Retargeting,Morocco,762.45,98459,1733,37,826.59
C0855,2025-02-27,Google Ads,Prospecting,KSA,896.42,84984,4580,186,1942.38
C0856,2024-11-02,Google Ads,Always on,Morocco,809.92,99985,3974,131,1616.8
C0857,2024-04-21,Google Ads,Always on,Morocco,851.1,88367,4358,142,1668.69
C0858,2024-07-10,TikTok,Prospecting,Morocco,949.94,93197,951,8,278.23
C0859,2024-08-08,Google Ads,Retargeting,UAE,349.1,54160,2176,61,585.2
C0860,2024-11-20,SEO,Prospecting,UAE,466.53,85271,6137,388,3633.92
C0861,2024-04-20,Google Ads,Prospecting,Morocco,374.24,41297,1848,68,775.69
C0862,2024-02-20,Email,Always on,Morocco,978.38,171117,19098,1696,13326.94
C0863,2024-12-24,Meta,Prospecting,KSA,502.99,67046,1316,20,503.35
C0864,2025-04-05,TikTok,Retargeting,UAE,1170.38,208743,2732,29,1087.42
C0865,2024-02-05,TikTok,Always on,UAE,518.55,69702,796,10,357.19
C0866,2024-11-20,Google Ads,Retargeting,KSA,467.62,83734,4106,134,1494.57
C0867,2025-02-22,Google Ads,Retargeting,UAE,593.31,104489,4014,196,2462.42
C0868,2024-09-07,TikTok,Prospecting,UAE,740.78,183114,1702,16,643.11
C0869,2025-03-27,Meta,Prospecting,UAE,571.66,127930,2736,56,1669.05
C0870,2024-06-25,TikTok,Retargeting,KSA,991.5,120961,1551,15,670.38
C0871,2025-04-18,Email,Retargeting,UAE,464.13,48109,3625,199,1457.06
C0872,2024-04-18,TikTok,Always on,KSA,1118.03,148005,1412,15,624.63
C0873,2025-05-19,Google Ads,Prospecting,UAE,571.4,66547,3246,153,1663.36
C0874,2025-05-20,Meta,Prospecting,UAE,405.22,36091,803,16,387.96
C0875,2024-10-12,SEO,Prospecting,UAE,988.32,92539,5580,293,3482.12
C0876,2025-02-18,SEO,Retargeting,UAE,902.24,79974,4605,281,3203.19
C0877,2024-05-16,SEO,Prospecting,Morocco,730.14,88033,4010,283,3149.7
C0878,2024-07-10,Email,Always on,UAE,353.52,74497,7898,681,4749.75
C0879,2025-05-08,Meta,Retargeting,UAE,508.98,61675,1226,27,615.31
C0880,2024-02-27,Meta,Retargeting,KSA,1028.04,91743,1848,36,892.0
C0881,2024-02-21,Meta,Retargeting,KSA,340.74,68703,1424,22,540.5
C0882,2025-06-26,Email,Always on,UAE,612.02,59044,4974,257,1657.89
C0883,2025-02-18,TikTok,Prospecting,UAE,521.69,82018,1113,10,384.53
C0884,2024-12-20,SEO,Prospecting,KSA,381.53,34579,2461,107,1079.09
C0885,2024-12-11,Google Ads,Prospecting,UAE,669.38,65967,2447,82,846.14
C0886,2025-01-20,SEO,Prospecting,KSA,569.45,59152,4344,255,2991.7
C0887,2024-09-12,Google Ads,Prospecting,KSA,832.0,100874,5180,201,2150.97
C0888,2024-10-08,Google Ads,Prospecting,UAE,469.96,48450,2101,91,1010.14
C0889,2024-09-22,Google Ads,Prospecting,UAE,730.16,74243,2874,122,1354.95
C0890,2025-05-19,Email,Retargeting,UAE,410.42,46393,3147,245,1809.7
C0891,2024-03-11,Google Ads,Retargeting,KSA,846.18,108116,3690,110,1285.99
C0892,2024-10-14,Meta,Prospecting,UAE,474.12,82523,1159,22,563.4
C0893,2024-08-07,SEO,Retargeting,KSA,925.31,99577,4908,234,2416.59
C0894,2024-05-14,Google Ads,Retargeting,KSA,419.77,48580,2709,120,1508.9
C0895,2024-06-10,Google Ads,Always on,UAE,544.63,107727,5245,178,2221.17
C0896,2024-07-12,Google Ads,Retargeting,KSA,803.15,96497,4866,187,1814.15
C0897,2024-09-17,TikTok,Prospecting,KSA,1179.61,192283,2110,16,585.43
C0898,2024-06-15,SEO,Always on,KSA,581.97,59790,3487,139,1556.05
C0899,2025-06-24,TikTok,Prospecting,KSA,833.94,78439,727,10,418.09
C0900,2024-11-20,Google Ads,Prospecting,KSA,606.81,68935,3816,119,1353.46
C0901,2024-01-17,Google Ads,Retargeting,Morocco,636.75,85586,3245,130,1516.59
C0902,2025-05-11,SEO,Always on,UAE,560.57,89750,5493,226,2443.57
C0903,2025-04-21,Meta,Retargeting,KSA,370.53,33658,465,9,214.14
C0904,2024-01-19,Google Ads,Prospecting,UAE,504.73,84625,4642,187,1983.61
C0905,2024-01-03,Email,Retargeting,Morocco,645.56,78453,6903,361,2577.06
C0906,2024-01-10,TikTok,Prospecting,UAE,907.96,167384,2221,19,697.9
C0907,2025-04-23,SEO,Always on,Morocco,635.48,61365,3426,153,1815.27
C0908,2024-01-25,SEO,Prospecting,UAE,337.1,32917,1523,80,787.1
C0909,2024-02-11,Meta,Prospecting,KSA,607.39,98441,1585,36,990.61
C0910,2025-02-05,SEO,Retargeting,KSA,394.46,91279,6097,347,3307.24
C0911,2024-02-17,SEO,Prospecting,UAE,697.53,66725,3792,147,1361.95
C0912,2025-06-13,Email,Prospecting,Morocco,510.57,81609,6772,357,2534.2
C0913,2025-03-04,Meta,Prospecting,UAE,472.08,43031,757,14,311.21
C0914,2024-02-17,Google Ads,Always on,KSA,640.5,98496,4620,140,1746.87
C0915,2025-01-05,TikTok,Prospecting,KSA,603.05,62101,703,5,201.76
C0916,2025-03-14,SEO,Retargeting,Morocco,635.64,149195,9539,527,5348.78
C0917,2024-02-14,Google Ads,Retargeting,UAE,802.9,68740,3528,109,1073.74
C0918,2024-01-22,SEO,Always on,UAE,793.81,110212,6552,376,4357.17
C0919,2024-02-16,Google Ads,Always on,UAE,626.65,54466,1892,92,932.85
C0920,2024-04-27,TikTok,Always on,KSA,1655.19,147985,2122,30,1170.54
C0921,2024-10-11,Google Ads,Always on,UAE,526.1,105319,5527,182,1794.69
C0922,2024-03-07,Email,Retargeting,KSA,522.25,71443,7920,513,3723.6
C0923,2024-02-24,SEO,Prospecting,Morocco,578.92,105911,7767,510,5130.71
C0924,2025-03-10,Email,Always on,UAE,373.97,33904,3480,181,1208.06
C0925,2024-01-02,Meta,Prospecting,Morocco,482.3,42328,945,14,383.78
C0926,2024-03-21,Google Ads,Prospecting,Morocco,951.75,235451,11454,358,4231.89
C0927,2024-03-13,Meta,Retargeting,KSA,336.48,51689,1109,26,576.2
C0928,2024-06-20,Google Ads,Always on,KSA,771.62,76582,3982,160,1938.48
C0929,2024-03-19,Meta,Always on,Morocco,1072.5,165379,2626,53,1328.68
C0930,2025-02-19,Email,Always on,KSA,385.03,55356,5824,329,2551.95
C0931,2024-11-19,TikTok,Retargeting,KSA,758.53,128996,1179,16,729.41
C0932,2024-10-12,Google Ads,Retargeting,Morocco,695.04,72409,2800,80,1009.88
C0933,2024-03-23,Google Ads,Prospecting,KSA,540.42,99117,5139,181,1907.33
C0934,2024-03-02,TikTok,Retargeting,UAE,394.52,38059,414,3,127.36
C0935,2024-11-18,SEO,Always on,Morocco,563.39,83772,4846,226,2217.03
C0936,2024-08-04,Meta,Always on,KSA,865.63,137107,1896,49,1106.53
C0937,2025-04-06,TikTok,Prospecting,KSA,695.61,58722,612,5,212.8
C0938,2024-10-24,TikTok,Always on,KSA,893.49,137442,1853,19,884.25
C0939,2025-04-25,Google Ads,Retargeting,Morocco,644.82,60990,2897,126,1497.35
C0940,2025-05-02,TikTok,Prospecting,UAE,757.09,121516,1339,14,557.07
C0941,2024-06-09,Meta,Always on,UAE,721.02,83232,1192,21,491.85
C0942,2025-01-18,Google Ads,Always on,UAE,818.14,78407,3212,110,1241.42
C0943,2024-07-04,SEO,Prospecting,UAE,690.05,74397,5053,229,2713.3
C0944,2024-10-18,Google Ads,Prospecting,KSA,1140.47,97004,4186,180,2114.98
C0945,2024-12-15,Meta,Prospecting,UAE,993.9,99740,1721,36,846.29
C0946,2025-06-13,TikTok,Retargeting,KSA,562.16,47588,438,4,154.98
C0947,2024-02-20,TikTok,Retargeting,UAE,321.48,77376,956,9,387.39
C0948,2024-10-01,Google Ads,Prospecting,Morocco,447.69,66854,2826,117,1233.41
C0949,2024-09-12,Meta,Prospecting,UAE,808.63,72033,1364,36,796.52
C0950,2025-06-05,SEO,Prospecting,UAE,410.38,45293,2969,152,1557.36
C0951,2024-04-17,Google Ads,Retargeting,Morocco,886.12,209467,7868,239,2406.44
C0952,2024-09-14,TikTok,Always on,KSA,1416.06,148434,2106,30,1299.71
C0953,2024-01-04,SEO,Prospecting,KSA,503.24,51585,3445,172,1593.52
C0954,2024-03-13,Meta,Always on,UAE,863.59,82134,1461,26,626.01
C0955,2024-01-07,Meta,Always on,Morocco,826.24,70204,1213,27,744.37
C0956,2024-06-21,Meta,Prospecting,UAE,748.84,122685,1724,38,1009.94
C0957,2024-04-20,SEO,Retargeting,UAE,646.54,55933,3406,150,1723.69
C0958,2025-06-01,Meta,Prospecting,KSA,705.18,147951,3071,53,1435.81
C0959,2025-03-02,Email,Retargeting,KSA,1171.93,234152,17138,956,6253.37
C0960,2025-05-09,Google Ads,Retargeting,Morocco,959.14,167442,8013,340,3901.28
C0961,2025-03-23,SEO,Retargeting,UAE,375.0,37287,1956,131,1282.04
C0962,2025-06-06,Email,Retargeting,Morocco,437.53,53560,5624,442,3367.58
C0963,2024-11-26,Google Ads,Prospecting,KSA,675.56,69935,3411,121,1352.57
C0964,2025-06-26,SEO,Prospecting,Morocco,924.23,97160,5524,227,2617.43
C0965,2024-02-03,Meta,Retargeting,KSA,543.32,53223,1118,27,651.84
C0966,2024-12-17,Meta,Retargeting,KSA,838.98,70002,1242,23,620.69
C0967,2025-06-18,Meta,Retargeting,KSA,541.57,54304,814,18,456.28
C0968,2025-04-26,Email,Always on,KSA,1094.03,236767,24074,1235,10246.7
C0969,2024-01-19,Meta,Retargeting,UAE,582.8,64008,1394,20,588.1
C0970,2024-06-10,SEO,Always on,Morocco,569.85,48142,2213,133,1414.0
C0971,2024-08-09,Google Ads,Prospecting,KSA,991.18,216117,10433,479,5959.21
C0972,2024-03-19,SEO,Prospecting,UAE,867.02,137881,9962,583,6915.52
C0973,2025-01-12,TikTok,Retargeting,KSA,1612.5,221715,2981,34,1423.81
C0974,2024-06-21,Meta,Always on,UAE,606.88,80926,1459,26,689.29
C0975,2025-01-12,SEO,Always on,Morocco,583.74,91556,6726,327,3348.69
C0976,2025-06-27,Meta,Prospecting,Morocco,617.51,88402,1905,40,1172.06
C0977,2024-09-11,SEO,Retargeting,KSA,566.5,67602,4419,293,3402.14
C0978,2024-06-02,Meta,Always on,UAE,641.51,59455,1176,19,456.81
C0979,2025-06-25,Meta,Retargeting,KSA,453.41,51389,744,20,591.59
C0980,2024-02-14,TikTok,Retargeting,UAE,1193.45,295328,3205,31,1319.18
C0981,2024-11-05,Google Ads,Always on,UAE,417.42,53606,2055,77,778.61
C0982,2025-03-18,Email,Retargeting,UAE,696.57,99118,8395,571,4394.98
C0983,2024-01-19,Google Ads,Retargeting,Morocco,848.65,78918,3321,91,1090.36
C0984,2024-05-19,SEO,Always on,UAE,632.46,137828,6312,326,3373.69
C0985,2024-12-22,TikTok,Prospecting,KSA,1212.06,105935,1383,18,643.24
C0986,2024-01-25,SEO,Retargeting,Morocco,874.57,174559,9053,606,6108.86
C0987,2025-02-21,SEO,Prospecting,UAE,666.19,110268,5605,260,2357.75
C0988,2025-05-13,TikTok,Prospecting,UAE,1092.84,145978,1945,17,648.52
C0989,2024-04-23,Meta,Retargeting,Morocco,296.35,71909,1517,36,817.5
C0990,2024-03-17,Google Ads,Always on,UAE,683.2,57531,2594,76,869.6
C0991,2024-04-23,Google Ads,Always on,KSA,523.09,44662,2154,85,856.33
C0992,2025-06-10,TikTok,Always on,UAE,1556.29,230732,2231,31,1085.16
C0993,2024-01-02,Meta,Prospecting,UAE,466.66,42568,814,17,377.96
C0994,2024-08-10,Meta,Retargeting,UAE,485.78,74416,1527,31,904.28
C0995,2024-02-10,Google Ads,Prospecting,UAE,799.62,116366,6075,257,2643.42
C0996,2024-04-16,Meta,Always on,Morocco,408.39,35098,478,11,257.58
C0997,2024-07-25,Google Ads,Retargeting,Morocco,578.63,91958,3188,100,1070.09
C0998,2025-05-24,Google Ads,Retargeting,Morocco,559.33,115800,5512,212,2633.22
C0999,2024-01-18,Google Ads,Always on,KSA,659.97,64828,3015,115,1302.47
C1000,2024-08-26,SEO,Retargeting,Morocco,686.22,91440,6491,302,3143.49
C1001,2024-10-24,Meta,Retargeting,UAE,725.15,151345,2542,42,1071.69
C1002,2024-07-10,Email,Always on,Morocco,622.47,61453,6617,579,3820.93
C1003,2025-05-08,Google Ads,Always on,Morocco,497.73,96752,5365,256,2413.11
C1004,2024-12-08,TikTok,Retargeting,UAE,1827.47,216904,2709,33,1528.04
C1005,2024-12-01,Google Ads,Always on,Morocco,458.42,81666,4413,149,1702.46
C1006,2024-06-17,Google Ads,Retargeting,UAE,1491.73,261279,9252,328,3311.77
C1007,2025-05-10,SEO,Retargeting,KSA,619.84,69413,4119,252,2559.48
C1008,2024-03-22,Meta,Always on,KSA,343.66,59457,902,16,383.2
C1009,2024-07-27,Meta,Retargeting,Morocco,999.91,86778,1433,29,857.55
C1010,2025-03-03,Meta,Prospecting,KSA,805.09,84914,1178,18,530.44
C1011,2024-07-06,Email,Always on,Morocco,411.19,64175,4736,303,2117.31
C1012,2024-02-03,SEO,Prospecting,KSA,539.22,49176,2770,153,1497.48
C1013,2025-04-23,Meta,Always on,UAE,693.96,162757,3516,59,1556.0
C1014,2025-01-17,SEO,Retargeting,KSA,679.37,150213,10814,493,5849.81
C1015,2025-06-03,SEO,Retargeting,UAE,860.01,72668,4819,206,2509.9
C1016,2025-03-05,SEO,Prospecting,KSA,621.18,150783,9464,490,4549.18
C1017,2024-09-03,SEO,Retargeting,KSA,545.1,101903,6147,306,3025.92
C1018,2024-01-05,Meta,Always on,UAE,516.1,43483,594,10,270.93
C1019,2024-06-14,Google Ads,Always on,KSA,635.15,58185,2378,98,931.28
C1020,2025-05-05,SEO,Prospecting,Morocco,378.57,38047,1740,115,1295.18
C1021,2024-08-21,Google Ads,Prospecting,UAE,455.85,87675,3219,148,1591.24
C1022,2024-05-06,TikTok,Prospecting,UAE,994.2,108098,1552,18,831.03
C1023,2024-07-11,Meta,Retargeting,Morocco,506.4,82346,1699,31,785.45
C1024,2024-09-10,Meta,Always on,UAE,328.07,31534,535,8,209.35
C1025,2025-02-08,Google Ads,Retargeting,KSA,595.83,60518,2788,114,1290.54
C1026,2024-07-26,Meta,Always on,KSA,424.59,81349,1159,21,557.62
C1027,2024-10-18,TikTok,Prospecting,UAE,569.04,79947,897,7,292.68
C1028,2025-02-03,Meta,Prospecting,UAE,755.82,89255,1257,26,623.21
C1029,2024-08-11,TikTok,Retargeting,Morocco,1296.76,114433,1615,16,730.81
C1030,2024-02-01,Meta,Always on,UAE,674.33,78395,1107,20,529.88
C1031,2024-09-14,TikTok,Always on,Morocco,614.73,74033,864,6,259.74
C1032,2025-01-24,SEO,Retargeting,UAE,618.23,69761,3248,202,1995.39
C1033,2025-05-14,TikTok,Always on,Morocco,831.15,75661,723,8,295.04
C1034,2025-05-09,TikTok,Always on,KSA,977.15,105834,1427,19,708.14
C1035,2024-08-13,Google Ads,Retargeting,UAE,1043.8,115076,5538,261,3189.3
C1036,2024-02-08,Google Ads,Always on,Morocco,1472.62,124795,4813,232,2770.71
C1037,2025-04-24,TikTok,Always on,KSA,582.71,53208,760,8,341.61
C1038,2024-05-24,TikTok,Prospecting,KSA,814.96,70274,972,9,370.1
C1039,2025-04-16,SEO,Prospecting,Morocco,737.62,70753,3397,196,2345.93
C1040,2025-03-16,Google Ads,Always on,KSA,616.0,55966,2876,101,1146.67
C1041,2024-01-15,SEO,Prospecting,UAE,438.85,52978,2414,103,1088.97
C1042,2024-09-21,Meta,Prospecting,KSA,528.43,70043,967,14,334.92
C1043,2024-06-21,SEO,Always on,KSA,845.92,79808,5553,368,4167.39
C1044,2024-05-25,Meta,Prospecting,UAE,832.31,136030,3002,69,1959.92
C1045,2024-01-22,TikTok,Prospecting,KSA,520.78,86519,1031,11,439.14
C1046,2024-06-25,SEO,Prospecting,UAE,646.82,145700,9563,476,5083.88
C1047,2024-09-05,Google Ads,Retargeting,Morocco,461.9,63030,3474,133,1651.38
C1048,2024-09-03,Meta,Prospecting,Morocco,926.15,202431,2933,68,1694.51
C1049,2024-07-26,Google Ads,Prospecting,UAE,506.44,82212,3403,110,1188.72
C1050,2025-03-25,Google Ads,Prospecting,UAE,672.17,135580,6130,284,2975.45
C1051,2025-04-26,Google Ads,Retargeting,UAE,550.4,50440,1839,55,659.71
C1052,2024-12-25,TikTok,Prospecting,Morocco,956.85,111186,1631,18,748.94
C1053,2024-06-03,TikTok,Always on,UAE,2198.24,346254,4441,63,2650.68
C1054,2025-04-19,Google Ads,Prospecting,KSA,527.01,91765,3655,124,1438.75
C1055,2024-09-21,Email,Prospecting,Morocco,361.81,37035,3264,216,1381.4
C1056,2024-01-22,Google Ads,Always on,KSA,527.75,117817,6173,264,3364.66
C1057,2024-08-14,SEO,Prospecting,KSA,569.24,78966,5116,347,4027.63
C1058,2025-05-07,Meta,Retargeting,Morocco,420.49,60678,852,16,434.51
C1059,2024-01-19,SEO,Prospecting,UAE,777.95,74095,5132,299,3592.95
C1060,2025-05-03,Google Ads,Always on,UAE,743.98,145289,7881,225,2523.36
C1061,2024-10-07,Meta,Prospecting,Morocco,984.23,140257,2019,45,1106.89
C1062,2025-02-10,SEO,Always on,KSA,528.54,111593,8276,475,5100.91
C1063,2025-03-13,Google Ads,Prospecting,Morocco,311.65,27458,1235,36,455.48
C1064,2024-11-01,Email,Always on,UAE,870.4,139413,9733,731,4720.91
C1065,2025-03-25,SEO,Prospecting,Morocco,765.15,137970,10105,435,5190.54
C1066,2025-02-05,SEO,Retargeting,UAE,528.26,46557,2532,125,1352.62
C1067,2024-12-04,Meta,Retargeting,UAE,707.15,62811,1368,36,998.8
C1068,2025-02-19,SEO,Prospecting,UAE,482.89,97630,5589,226,2542.41
C1069,2025-04-16,TikTok,Always on,KSA,651.58,67734,929,10,415.92
C1070,2024-05-06,Google Ads,Always on,KSA,690.79,150545,5117,182,2034.47
C1071,2024-07-17,Meta,Always on,KSA,699.6,96525,1331,29,659.41
C1072,2025-04-27,Meta,Retargeting,UAE,610.05,114032,1951,52,1498.99
C1073,2025-03-23,Meta,Always on,Morocco,879.93,177775,3313,72,1910.15
C1074,2025-02-11,Meta,Prospecting,KSA,806.83,135409,2894,68,1951.06
C1075,2025-03-20,Google Ads,Retargeting,Morocco,1350.05,246815,8896,289,2844.66
C1076,2024-03-07,SEO,Always on,KSA,962.51,112862,5280,223,2555.94
C1077,2025-01-21,TikTok,Prospecting,Morocco,1272.8,131464,1191,13,582.79
C1078,2025-03-24,Meta,Retargeting,UAE,549.79,67857,1260,33,956.68
C1079,2024-08-11,Google Ads,Retargeting,UAE,544.7,102199,5229,209,2580.15
C1080,2024-07-25,Google Ads,Retargeting,UAE,566.35,69866,3177,150,1796.48
C1081,2024-10-20,SEO,Retargeting,Morocco,790.07,138833,9061,500,5458.09
C1082,2024-03-17,SEO,Retargeting,UAE,485.2,41121,3053,130,1394.99
C1083,2025-02-15,Meta,Prospecting,UAE,455.31,65674,1068,27,734.94
C1084,2024-06-19,Meta,Always on,Morocco,430.69,75821,1437,21,612.44
C1085,2025-01-10,Google Ads,Always on,KSA,471.18,85845,4217,148,1397.51
C1086,2024-04-09,TikTok,Prospecting,UAE,1122.84,123254,1580,18,794.78
C1087,2024-10-12,Email,Retargeting,KSA,477.41,51828,4297,325,2286.54
C1088,2024-09-24,TikTok,Prospecting,UAE,1375.19,234518,3223,29,1029.45
C1089,2024-03-09,TikTok,Prospecting,Morocco,818.76,126238,1469,19,872.2
C1090,2024-01-12,Meta,Always on,Morocco,542.95,98591,1670,43,1124.03
C1091,2024-01-27,Email,Prospecting,UAE,542.13,119511,12921,733,4808.83
C1092,2024-07-06,Google Ads,Retargeting,KSA,539.36,88287,3722,153,1594.85
C1093,2024-02-04,SEO,Always on,Morocco,520.71,91276,6224,282,3268.39
C1094,2024-08-15,Meta,Retargeting,Morocco,842.42,135482,2335,60,1599.8
C1095,2025-03-03,Email,Retargeting,UAE,718.96,67458,6847,497,3530.01
C1096,2024-09-13,Google Ads,Retargeting,KSA,582.23,99651,5171,228,2703.48
C1097,2024-12-07,SEO,Prospecting,Morocco,815.58,110716,8110,404,3946.7
C1098,2025-02-10,TikTok,Always on,UAE,1464.26,165650,2024,27,1065.86
C1099,2024-06-14,Meta,Always on,KSA,425.07,44353,886,18,453.31
C1100,2025-05-16,Google Ads,Always on,KSA,772.64,108501,5156,234,2210.96
C1101,2024-01-18,Google Ads,Retargeting,KSA,481.39,59200,2565,99,1248.39
C1102,2024-07-05,Google Ads,Retargeting,KSA,449.99,39906,1656,79,780.16
C1103,2024-07-18,TikTok,Prospecting,KSA,1091.54,237449,3190,25,957.59
C1104,2025-04-25,SEO,Always on,Morocco,758.24,121273,6198,247,2788.53
C1105,2024-05-14,Google Ads,Prospecting,KSA,698.86,76666,3306,159,1722.33
C1106,2024-06-18,Meta,Retargeting,UAE,410.77,88912,1683,37,1022.63
C1107,2024-11-20,Google Ads,Retargeting,KSA,423.08,48183,1919,66,679.85
C1108,2024-09-07,Google Ads,Prospecting,KSA,906.62,94721,3983,111,1237.89
C1109,2024-10-16,SEO,Always on,UAE,772.27,84393,4007,203,1851.96
C1110,2024-11-20,SEO,Prospecting,KSA,306.41,27090,1640,88,901.89
C1111,2024-10-10,Google Ads,Always on,UAE,724.14,97610,3714,176,1922.76
C1112,2024-05-11,Google Ads,Prospecting,Morocco,524.07,53850,1944,89,1125.43
C1113,2025-03-22,Google Ads,Always on,KSA,747.2,64603,2606,105,1204.95
C1114,2024-04-10,TikTok,Always on,UAE,740.92,175879,2383,23,1011.39
C1115,2024-07-11,Meta,Prospecting,UAE,810.48,90796,1890,27,656.33
C1116,2025-02-12,Email,Prospecting,UAE,761.22,171375,18633,1001,7125.9
C1117,2025-04-15,Meta,Retargeting,UAE,658.56,63606,1415,35,970.58
C1118,2024-04-01,Google Ads,Prospecting,UAE,491.08,110231,4388,155,1542.07
C1119,2025-05-12,Google Ads,Always on,Morocco,793.67,188747,10229,445,5334.68
C1120,2024-05-27,Email,Retargeting,Morocco,816.35,78918,5400,394,3199.57
C1121,2025-05-12,SEO,Retargeting,UAE,630.71,92785,4927,283,3202.79
C1122,2025-06-23,Meta,Prospecting,Morocco,468.96,58698,915,19,491.54
C1123,2024-04-14,Google Ads,Prospecting,KSA,751.28,156427,5765,184,2000.47
C1124,2024-10-16,SEO,Prospecting,KSA,799.16,109458,7489,370,4193.46
C1125,2025-04-24,Google Ads,Retargeting,Morocco,658.75,82965,3205,128,1284.04
C1126,2024-11-06,TikTok,Always on,Morocco,973.54,104144,1216,16,572.49
C1127,2024-05-24,Google Ads,Always on,Morocco,992.36,103621,3734,165,1677.45
C1128,2024-02-14,TikTok,Always on,UAE,726.92,152897,1464,18,809.17
C1129,2024-10-01,SEO,Retargeting,KSA,566.61,62814,3552,181,1808.11
C1130,2024-09-15,Google Ads,Prospecting,Morocco,807.97,146264,5260,170,1684.11
C1131,2025-01-18,Meta,Retargeting,KSA,617.15,66433,1467,35,981.62
C1132,2024-08-27,SEO,Prospecting,KSA,583.49,59337,3271,176,1605.81
C1133,2024-07-07,Google Ads,Prospecting,KSA,333.16,34187,1460,71,858.04
C1134,2025-05-23,Google Ads,Prospecting,UAE,792.2,140964,6237,278,3103.04
C1135,2024-12-27,TikTok,Prospecting,Morocco,380.36,74095,991,11,489.45
C1136,2024-11-07,Google Ads,Retargeting,Morocco,1065.89,104188,4029,160,1650.35
C1137,2025-01-05,Google Ads,Prospecting,UAE,880.87,88963,3507,118,1282.63
C1138,2024-05-15,SEO,Prospecting,KSA,287.51,29501,1978,95,923.27
C1139,2024-08-11,SEO,Always on,UAE,820.31,101710,5156,257,2916.91
C1140,2024-05-25,TikTok,Prospecting,KSA,979.79,83607,1187,16,665.84
C1141,2024-09-07,Google Ads,Prospecting,UAE,1070.85,129671,5647,172,1677.82
C1142,2024-11-09,Google Ads,Prospecting,UAE,665.14,71819,3259,103,1131.08
C1143,2025-03-13,Meta,Prospecting,Morocco,953.21,110321,1928,29,673.91
C1144,2024-09-26,Google Ads,Retargeting,KSA,562.54,79153,4314,176,1825.41
C1145,2024-02-24,SEO,Prospecting,UAE,727.51,88313,5188,225,2720.08
C1146,2024-05-10,Google Ads,Always on,Morocco,718.53,78992,3605,143,1524.12
C1147,2024-04-24,TikTok,Retargeting,UAE,1574.39,166926,2174,27,1203.1
C1148,2025-01-23,Google Ads,Prospecting,Morocco,980.84,124371,4198,169,2078.51
C1149,2024-08-24,SEO,Retargeting,Morocco,741.52,91261,6046,361,3664.81
C1150,2024-01-04,Email,Always on,UAE,617.71,103218,10888,832,6390.2
C1151,2025-02-21,Google Ads,Prospecting,KSA,554.09,81149,4331,132,1498.86
C1152,2024-07-16,Google Ads,Retargeting,Morocco,910.02,105384,4042,163,1651.29
C1153,2024-11-03,Google Ads,Always on,KSA,650.78,76162,3335,138,1351.2
C1154,2024-08-15,SEO,Always on,KSA,421.42,65814,3188,189,2041.74
C1155,2025-04-13,TikTok,Retargeting,UAE,1102.48,174765,1916,26,1084.09
C1156,2025-06-21,SEO,Prospecting,KSA,769.08,89087,4333,210,2212.84
C1157,2024-12-01,Meta,Always on,Morocco,1175.0,172358,3447,91,2701.54
C1158,2024-04-25,Meta,Retargeting,Morocco,474.69,92122,1723,44,1115.62
C1159,2024-08-01,TikTok,Retargeting,UAE,1261.85,257560,2661,30,1383.02
C1160,2024-03-25,Google Ads,Prospecting,UAE,853.2,99136,4485,124,1345.73
C1161,2025-03-09,SEO,Always on,UAE,617.26,78104,5338,311,3783.88
C1162,2024-12-17,Meta,Always on,Morocco,285.04,24972,436,11,255.89
C1163,2024-06-07,Meta,Always on,UAE,1107.77,247463,3785,96,2512.77
C1164,2024-07-14,Google Ads,Prospecting,Morocco,793.84,190805,7320,266,3288.36
C1165,2024-02-07,SEO,Prospecting,KSA,740.24,123948,7188,496,5758.33
C1166,2025-05-11,Google Ads,Retargeting,UAE,935.05,189420,6780,219,2183.69
C1167,2024-08-19,TikTok,Always on,KSA,862.32,79317,1104,15,559.25
C1168,2025-02-11,TikTok,Always on,KSA,774.58,72187,1021,12,474.33
C1169,2024-03-21,Google Ads,Retargeting,UAE,906.59,105405,5239,151,1447.12
C1170,2024-03-04,Email,Prospecting,UAE,608.32,65734,5199,453,3724.45
C1171,2024-04-22,TikTok,Prospecting,KSA,1369.46,143515,1678,13,552.01
C1172,2024-12-04,Meta,Always on,UAE,369.89,52528,824,12,331.7
C1173,2024-06-09,Email,Prospecting,UAE,761.27,74127,6271,566,4220.93
C1174,2025-05-24,Google Ads,Prospecting,Morocco,598.3,76560,3847,148,1871.36
C1175,2024-10-05,Meta,Retargeting,UAE,625.75,87827,1470,34,972.91
C1176,2025-03-01,Google Ads,Always on,UAE,284.31,27684,1497,51,492.24
C1177,2025-03-03,Meta,Prospecting,Morocco,429.55,53095,1014,26,691.09
C1178,2025-04-27,Meta,Retargeting,KSA,506.44,71319,1432,31,774.19
C1179,2024-02-04,Meta,Always on,KSA,1319.8,165529,3617,94,2159.89
C1180,2024-05-19,Google Ads,Always on,KSA,401.52,34600,1441,60,685.75
C1181,2024-08-10,SEO,Retargeting,KSA,897.37,85976,4258,241,2881.55
C1182,2025-04-01,Google Ads,Always on,KSA,983.03,155342,5477,163,1561.14
C1183,2025-06-08,Meta,Prospecting,KSA,717.42,154611,2674,66,1885.06
C1184,2025-01-01,Google Ads,Retargeting,Morocco,351.47,34301,1628,76,859.12
C1185,2024-06-05,SEO,Retargeting,UAE,653.18,54874,2956,157,1626.33
C1186,2025-04-11,Meta,Retargeting,KSA,1557.64,205769,4396,67,1610.84
C1187,2024-12-21,TikTok,Retargeting,Morocco,614.2,123208,1382,18,718.99
C1188,2024-08-25,TikTok,Prospecting,KSA,923.28,81899,751,9,345.49
C1189,2024-07-18,Google Ads,Prospecting,KSA,1012.24,223508,12357,358,3390.4
C1190,2025-03-15,Google Ads,Retargeting,Morocco,613.3,51283,2857,133,1485.11
C1191,2024-05-08,TikTok,Always on,Morocco,350.1,54995,633,5,181.46
C1192,2024-10-14,Email,Prospecting,Morocco,669.31,103718,7957,512,3946.73
C1193,2024-02-08,Google Ads,Prospecting,UAE,278.42,34879,1481,66,626.08
C1194,2025-06-23,Email,Always on,KSA,1002.05,111926,10823,552,3948.82
C1195,2025-01-19,Google Ads,Prospecting,Morocco,413.92,44318,2349,80,920.31
C1196,2024-01-15,Email,Always on,KSA,802.31,94560,7766,640,4163.46
C1197,2024-06-21,Google Ads,Always on,KSA,600.19,66190,2487,89,1034.4
C1198,2024-08-20,Google Ads,Retargeting,UAE,849.52,85717,3654,159,1898.75
C1199,2024-04-22,TikTok,Always on,Morocco,1008.58,214180,2046,21,919.58
C1200,2024-03-23,TikTok,Prospecting,KSA,665.45,89445,899,10,433.58
C1201,2024-10-05,Google Ads,Prospecting,UAE,877.29,164266,6875,235,2269.7
C1202,2025-04-06,Google Ads,Prospecting,UAE,823.62,91568,3258,97,922.85
C1203,2024-03-22,SEO,Always on,Morocco,476.12,42091,2173,130,1343.79
C1204,2024-07-10,TikTok,Retargeting,Morocco,870.74,75585,977,11,482.92
C1205,2025-01-08,Google Ads,Retargeting,Morocco,276.12,29400,1579,53,673.54
C1206,2024-08-04,SEO,Retargeting,KSA,720.66,90272,4411,180,2163.18
C1207,2024-12-16,Google Ads,Retargeting,KSA,835.03,77899,3258,87,1012.67
C1208,2025-06-16,SEO,Prospecting,UAE,523.88,51329,3021,134,1353.6
C1209,2024-11-21,TikTok,Always on,Morocco,586.93,62817,847,11,416.29
C1210,2024-06-24,SEO,Retargeting,UAE,395.31,43229,2345,134,1311.58
C1211,2024-10-22,Meta,Prospecting,Morocco,633.9,145235,2268,55,1593.5
C1212,2024-05-03,Meta,Always on,UAE,932.64,123422,2600,67,1726.37
C1213,2025-06-19,SEO,Retargeting,KSA,225.67,42491,2415,128,1484.75
C1214,2025-01-11,SEO,Retargeting,UAE,472.44,104621,4958,331,3756.75
C1215,2025-02-02,Google Ads,Retargeting,UAE,951.2,85808,3266,105,1280.18
C1216,2024-04-19,Email,Always on,KSA,782.34,179489,14777,1103,7660.0
C1217,2024-05-17,Google Ads,Always on,KSA,564.49,108473,5607,229,2590.99
C1218,2024-07-10,SEO,Retargeting,UAE,893.82,147454,10089,487,5557.07
C1219,2024-05-10,TikTok,Prospecting,UAE,1104.01,157783,1981,24,1036.41
C1220,2024-08-06,Email,Prospecting,Morocco,589.47,57173,6379,507,3278.65
C1221,2024-10-01,Google Ads,Always on,KSA,732.05,64501,3106,144,1667.65
C1222,2024-02-19,Email,Retargeting,UAE,425.34,54924,3961,337,2247.77
C1223,2024-05-10,Google Ads,Retargeting,UAE,706.47,126428,4730,174,1647.16
C1224,2024-09-22,Google Ads,Prospecting,UAE,334.83,31814,1778,79,877.63
C1225,2025-04-18,TikTok,Retargeting,KSA,630.09,94304,1359,18,833.11
C1226,2024-12-11,SEO,Retargeting,UAE,514.58,110889,5783,318,3610.22
C1227,2024-09-16,Email,Always on,UAE,629.75,146128,12481,1042,8710.59
C1228,2025-02-20,SEO,Prospecting,Morocco,526.62,56328,3105,153,1589.46
C1229,2024-03-03,Meta,Always on,Morocco,416.93,47987,881,23,599.29
C1230,2025-03-26,Meta,Retargeting,UAE,768.6,155088,2214,35,808.81
C1231,2024-03-05,Meta,Retargeting,UAE,1103.02,152113,2059,47,1300.39
C1232,2025-06-21,Meta,Always on,UAE,599.99,66679,1461,39,864.13
C1233,2025-04-01,SEO,Prospecting,UAE,392.55,38810,1833,106,1265.42
C1234,2024-10-03,Google Ads,Retargeting,KSA,573.3,61731,2457,84,1010.76
C1235,2025-05-06,Email,Retargeting,UAE,476.51,52415,4722,391,2785.16
C1236,2025-05-25,TikTok,Always on,UAE,1739.99,247645,3542,41,1740.64
C1237,2024-04-02,SEO,Always on,Morocco,432.39,50664,3164,140,1562.41
C1238,2024-03-11,Email,Prospecting,KSA,732.65,80820,6533,502,3886.66
C1239,2024-07-22,TikTok,Retargeting,Morocco,1011.16,94987,916,12,554.71
C1240,2024-09-05,Google Ads,Prospecting,KSA,977.87,197211,7236,265,3356.53
C1241,2024-02-14,SEO,Prospecting,Morocco,381.61,91575,4349,292,3269.67
C1242,2024-11-24,TikTok,Prospecting,Morocco,542.64,55197,523,6,234.46
C1243,2024-01-25,Email,Always on,Morocco,1337.59,135305,11038,938,6067.68
C1244,2025-04-13,Meta,Retargeting,UAE,395.24,35354,505,12,297.73
C1245,2025-03-04,SEO,Retargeting,UAE,514.16,54423,3640,167,1873.2
C1246,2024-07-25,Google Ads,Prospecting,UAE,878.45,115199,4885,231,2473.3
C1247,2024-08-18,SEO,Prospecting,Morocco,1154.46,151669,9578,472,5699.03
C1248,2024-05-08,Meta,Always on,UAE,672.6,65789,1009,27,701.04
C1249,2024-05-03,TikTok,Retargeting,KSA,820.12,84232,860,7,253.87
C1250,2024-12-13,SEO,Prospecting,UAE,309.47,34243,2400,149,1575.01
C1251,2024-07-24,TikTok,Prospecting,UAE,1182.27,122096,1663,23,901.77
C1252,2024-08-13,Google Ads,Always on,Morocco,563.73,49921,2042,91,966.86
C1253,2025-01-06,Meta,Prospecting,UAE,872.2,138634,2020,51,1493.24
C1254,2025-03-04,SEO,Always on,UAE,390.05,43099,2208,106,1086.38
C1255,2024-12-26,Google Ads,Retargeting,UAE,565.82,63820,2308,106,1264.16
C1256,2024-01-27,Email,Prospecting,KSA,549.46,111040,8205,668,5299.3
C1257,2024-07-22,Meta,Always on,KSA,625.3,139279,2116,49,1298.75
C1258,2024-08-24,Google Ads,Retargeting,KSA,582.7,48979,2560,97,1229.9
C1259,2024-11-18,TikTok,Retargeting,KSA,1203.56,100964,1383,12,424.1
C1260,2025-05-07,TikTok,Retargeting,KSA,1361.82,313978,3118,30,1404.29
C1261,2025-06-10,TikTok,Always on,Morocco,1204.15,291341,2870,25,1021.6
C1262,2024-07-06,SEO,Retargeting,Morocco,542.56,82972,3800,229,2344.05
C1263,2024-03-23,Meta,Prospecting,UAE,546.43,59216,988,24,572.14
C1264,2024-03-17,Meta,Always on,UAE,1026.39,95523,1793,38,987.22
C1265,2025-06-06,TikTok,Prospecting,UAE,1662.93,345248,3449,40,1524.72
C1266,2024-06-11,SEO,Prospecting,Morocco,548.89,91363,4974,240,2796.8
C1267,2024-02-24,Meta,Retargeting,KSA,269.57,34313,717,11,328.64
C1268,2024-08-09,SEO,Always on,UAE,684.6,89522,6002,322,3864.13
C1269,2025-01-17,SEO,Retargeting,UAE,1168.14,123393,6533,347,3368.27
C1270,2025-03-23,Google Ads,Always on,KSA,305.97,26372,1154,47,565.89
C1271,2024-09-22,SEO,Prospecting,Morocco,647.95,78502,3837,169,1601.5
C1272,2024-10-22,TikTok,Retargeting,Morocco,564.64,80658,815,8,321.81
C1273,2024-07-24,Meta,Always on,KSA,683.3,100957,2018,41,930.98
C1274,2024-07-08,SEO,Prospecting,UAE,1110.68,110393,7005,350,3589.47
C1275,2024-04-24,TikTok,Always on,UAE,1170.5,103787,1194,13,490.8
C1276,2024-02-10,Google Ads,Retargeting,KSA,495.39,46049,1926,84,862.73
C1277,2024-06-25,Google Ads,Always on,KSA,322.13,35302,1637,61,623.49
C1278,2025-03-19,Google Ads,Prospecting,KSA,610.94,71697,2865,91,1109.09
C1279,2024-07-22,Google Ads,Prospecting,UAE,740.96,68963,3625,106,1348.61
C1280,2025-05-24,TikTok,Retargeting,Morocco,808.38,143025,1464,17,707.37
C1281,2024-06-13,Meta,Prospecting,UAE,1502.2,212879,3992,98,2687.35
C1282,2024-03-07,TikTok,Always on,UAE,1150.64,167039,1963,15,614.43
C1283,2024-02-17,Meta,Prospecting,UAE,740.79,160854,3203,76,2264.13
C1284,2024-10-02,Google Ads,Always on,KSA,243.65,45772,1980,61,732.58
C1285,2025-04-18,SEO,Prospecting,KSA,562.7,49828,2815,176,1708.88
C1286,2024-05-12,Meta,Always on,UAE,661.35,57870,1094,24,625.0
C1287,2024-10-25,Meta,Always on,Morocco,703.25,69212,1193,20,565.8
C1288,2024-08-03,Google Ads,Retargeting,UAE,503.6,43995,1683,82,957.05
C1289,2025-02-26,Google Ads,Always on,UAE,823.85,84234,3626,103,1134.84
C1290,2024-12-23,SEO,Always on,UAE,627.13,98657,7104,448,5180.31
C1291,2025-02-18,SEO,Prospecting,KSA,537.85,56828,2974,202,1870.89
C1292,2024-05-24,Meta,Always on,UAE,661.46,70050,1172,23,567.49
C1293,2024-10-07,Google Ads,Always on,UAE,423.76,50827,2093,71,711.68
C1294,2024-02-13,TikTok,Always on,UAE,1108.42,163967,2029,17,605.67
C1295,2024-10-16,TikTok,Prospecting,UAE,1133.25,98207,966,10,425.51
C1296,2024-01-25,Meta,Always on,UAE,461.53,49674,703,10,287.98
C1297,2025-01-23,Meta,Prospecting,Morocco,476.96,43910,851,16,383.41
C1298,2024-10-07,Google Ads,Prospecting,KSA,824.19,113061,6265,243,2926.23
C1299,2024-11-12,TikTok,Prospecting,UAE,1020.66,95761,944,8,297.58
C1300,2025-03-07,Meta,Retargeting,UAE,397.06,98539,1494,38,974.92
C1301,2024-02-03,SEO,Retargeting,UAE,654.37,58150,4047,227,2237.43
C1302,2025-03-11,Meta,Prospecting,KSA,613.55,79949,1405,38,951.75
C1303,2024-09-08,Google Ads,Prospecting,KSA,947.31,80365,2943,121,1475.46
C1304,2025-05-22,Google Ads,Always on,Morocco,551.73,67106,3612,97,1146.51
C1305,2024-02-06,TikTok,Always on,KSA,701.65,118606,1298,17,779.79
C1306,2024-05-17,Email,Retargeting,UAE,460.95,66127,6344,503,3467.13
C1307,2024-04-09,Email,Always on,UAE,383.2,75585,6413,364,2779.72
C1308,2024-02-12,SEO,Retargeting,Morocco,638.13,109560,7512,310,3731.39
C1309,2024-12-06,TikTok,Prospecting,UAE,953.69,91390,1181,15,565.79
C1310,2025-03-01,Meta,Retargeting,KSA,891.6,147095,3157,48,1244.32
C1311,2024-05-03,Google Ads,Retargeting,Morocco,867.03,126280,4997,162,1650.37
C1312,2024-12-23,Meta,Retargeting,UAE,529.42,81992,1200,27,671.12
C1313,2024-09-24,Meta,Always on,Morocco,512.45,46041,876,22,582.24
C1314,2025-01-21,Google Ads,Prospecting,KSA,422.14,53897,2450,85,1078.3
C1315,2025-05-01,TikTok,Prospecting,KSA,1081.63,172792,2584,22,897.44
C1316,2025-02-14,Email,Retargeting,Morocco,681.5,117050,10795,764,5430.73
C1317,2024-05-06,Meta,Always on,UAE,1028.96,118881,2444,53,1174.08
C1318,2024-09-17,Google Ads,Always on,Morocco,411.09,37444,1462,53,651.32
C1319,2024-07-08,Google Ads,Retargeting,KSA,912.61,163992,5609,177,1987.23
C1320,2025-01-05,TikTok,Retargeting,UAE,867.96,83838,1081,13,593.53
C1321,2025-06-15,Google Ads,Retargeting,UAE,831.31,73789,3002,126,1479.09
C1322,2024-05-25,Meta,Prospecting,KSA,446.01,58048,877,19,510.97
C1323,2025-03-06,TikTok,Prospecting,KSA,642.78,59349,836,7,270.1
C1324,2025-01-05,Meta,Always on,UAE,688.81,81035,1276,34,878.44
C1325,2024-03-26,Google Ads,Always on,KSA,467.79,102368,3873,184,1780.63
C1326,2025-01-09,Meta,Always on,KSA,330.52,36691,784,17,445.11
C1327,2025-03-10,Google Ads,Always on,UAE,409.97,47985,1746,80,863.54
C1328,2024-05-08,SEO,Always on,KSA,446.35,80572,5684,246,2625.06
C1329,2024-12-19,SEO,Retargeting,Morocco,310.07,37989,2747,130,1207.87
C1330,2024-02-21,SEO,Retargeting,KSA,867.29,120791,6081,321,3374.42
C1331,2025-03-27,Google Ads,Always on,KSA,606.21,70642,3698,102,1160.42
C1332,2024-07-04,SEO,Prospecting,KSA,678.03,99577,6075,399,4526.69
C1333,2024-10-14,Google Ads,Always on,KSA,457.75,93336,5071,232,2660.22
C1334,2024-05-07,Meta,Retargeting,Morocco,515.73,58438,1083,28,743.22
C1335,2025-05-15,Google Ads,Always on,KSA,912.68,76803,4246,136,1564.02
C1336,2024-02-19,SEO,Prospecting,KSA,733.12,90238,6749,350,4074.82
C1337,2024-04-24,Email,Always on,KSA,559.76,82320,7764,638,5114.65
C1338,2024-12-19,Google Ads,Prospecting,UAE,634.7,88582,4338,166,1784.95
C1339,2025-06-08,Email,Prospecting,UAE,583.72,121254,13441,744,5447.65
C1340,2025-03-05,TikTok,Retargeting,KSA,782.39,154311,1566,17,730.08
C1341,2025-04-14,Google Ads,Always on,UAE,495.87,52831,2174,105,1129.45
C1342,2024-01-24,Meta,Prospecting,UAE,843.82,82384,1384,24,542.86
C1343,2025-01-02,Email,Retargeting,Morocco,702.9,98201,9647,722,4660.7
C1344,2025-02-08,Google Ads,Always on,Morocco,470.55,53218,2629,72,733.09
C1345,2025-03-06,SEO,Always on,KSA,403.94,59797,3026,194,2165.18
C1346,2024-02-17,Google Ads,Prospecting,KSA,672.96,157178,7143,301,3096.07
C1347,2024-09-03,Google Ads,Prospecting,KSA,449.77,106381,5405,253,2390.43
C1348,2025-03-23,SEO,Always on,UAE,498.39,45988,3246,206,2450.09
C1349,2024-03-19,Email,Always on,Morocco,447.57,59688,4331,268,2086.19
C1350,2024-10-25,Google Ads,Prospecting,UAE,921.56,79079,3322,118,1133.7
C1351,2024-01-27,SEO,Always on,KSA,1101.22,101658,5234,313,3729.85
C1352,2024-07-10,Email,Prospecting,Morocco,579.26,66240,5243,292,1918.44
C1353,2024-04-16,Meta,Retargeting,KSA,638.9,96795,1879,38,866.85
C1354,2024-10-05,TikTok,Always on,KSA,850.17,95182,1258,13,518.66
C1355,2024-10-12,TikTok,Retargeting,KSA,900.19,101664,968,9,409.88
C1356,2024-03-12,TikTok,Prospecting,KSA,698.65,106140,1336,11,483.9
C1357,2024-12-07,Email,Always on,KSA,759.38,69849,6087,444,3159.74
C1358,2025-02-18,Email,Always on,Morocco,464.61,54148,4274,301,2496.18
C1359,2024-12-19,Google Ads,Prospecting,UAE,556.94,114542,4822,138,1599.52
C1360,2024-09-20,Email,Retargeting,UAE,414.81,66132,4530,359,2739.96
C1361,2025-01-09,Email,Always on,UAE,654.5,153418,11582,786,5456.14
C1362,2024-08-22,Google Ads,Always on,Morocco,510.3,49612,2618,91,996.41
C1363,2024-01-22,Google Ads,Prospecting,UAE,333.99,55739,2468,102,1245.88
C1364,2025-03-24,Google Ads,Retargeting,UAE,892.93,117792,5174,199,2107.33
C1365,2024-12-02,TikTok,Prospecting,UAE,1029.02,103352,1048,9,338.7
C1366,2024-11-13,TikTok,Retargeting,UAE,1041.7,91245,1234,10,374.22
C1367,2025-05-06,TikTok,Always on,UAE,1366.9,288299,4111,51,2179.88
C1368,2025-01-23,Google Ads,Prospecting,UAE,776.59,68944,2369,73,815.96
C1369,2024-06-21,Meta,Prospecting,KSA,923.96,143522,2301,39,1106.73
C1370,2025-06-03,Google Ads,Prospecting,UAE,544.79,55850,2911,86,867.56
C1371,2025-05-22,Meta,Always on,UAE,466.36,72986,1060,26,718.41
C1372,2025-03-23,Meta,Always on,Morocco,652.02,62684,1279,25,703.23
C1373,2025-04-27,Google Ads,Prospecting,Morocco,488.22,80691,4456,173,1924.3
C1374,2025-02-11,Google Ads,Prospecting,KSA,270.0,35821,1653,62,765.53
C1375,2025-06-21,TikTok,Always on,UAE,943.12,111160,1403,11,403.29
C1376,2024-02-15,Email,Prospecting,UAE,308.76,68004,5645,331,2753.04
C1377,2025-04-14,Email,Always on,Morocco,670.95,91368,6706,499,3832.17
C1378,2024-08-21,Email,Always on,UAE,607.63,81780,6093,433,3130.51
C1379,2024-08-12,TikTok,Prospecting,UAE,806.12,145786,1516,12,548.56
C1380,2025-01-08,Google Ads,Retargeting,UAE,650.23,58094,2178,103,1040.06
C1381,2024-01-01,Google Ads,Retargeting,UAE,745.97,73425,3268,145,1411.51
C1382,2025-02-17,Meta,Always on,UAE,414.1,42069,812,15,404.77
C1383,2025-04-19,Email,Always on,Morocco,627.93,58713,6180,327,2047.81
C1384,2024-07-15,TikTok,Retargeting,Morocco,1306.55,144040,1393,15,678.26
C1385,2025-06-27,Google Ads,Always on,KSA,643.68,101922,4427,212,2630.37
C1386,2024-07-06,Google Ads,Always on,Morocco,905.3,93029,3803,114,1129.16
C1387,2025-05-13,Google Ads,Retargeting,UAE,485.29,61254,3197,103,1215.58
C1388,2024-07-24,Email,Retargeting,KSA,652.95,56202,5621,353,2670.9
C1389,2025-05-26,Google Ads,Retargeting,UAE,1038.45,241600,11047,413,4105.91
C1390,2024-09-07,Email,Retargeting,Morocco,674.15,130850,14406,859,6440.07
C1391,2025-01-09,Meta,Retargeting,KSA,546.9,56153,828,14,329.26
C1392,2024-01-11,SEO,Prospecting,Morocco,472.78,66755,4832,201,2014.27
C1393,2024-10-22,SEO,Retargeting,Morocco,433.85,66915,4988,286,3322.38
C1394,2024-08-06,TikTok,Always on,UAE,971.25,132827,1272,12,498.7
C1395,2024-10-12,Google Ads,Retargeting,UAE,576.38,81932,4198,148,1665.67
C1396,2024-06-25,Email,Retargeting,UAE,460.24,44779,4591,298,2044.47
C1397,2024-04-17,Meta,Retargeting,UAE,348.41,29075,583,12,292.08
C1398,2024-11-16,SEO,Prospecting,UAE,505.19,87165,4492,286,2761.51
C1399,2024-10-25,Google Ads,Retargeting,UAE,535.21,76386,4159,132,1355.27
C1400,2024-11-25,SEO,Always on,UAE,1112.61,146752,8471,602,7312.83
C1401,2024-01-18,SEO,Retargeting,UAE,261.42,34896,2465,105,1079.13
C1402,2024-02-14,Email,Always on,Morocco,559.07,93323,9241,519,3282.76
C1403,2025-06-25,Google Ads,Always on,UAE,422.86,59029,2390,84,1042.41
C1404,2024-11-19,TikTok,Prospecting,KSA,782.29,148253,1774,13,491.96
C1405,2024-06-25,TikTok,Prospecting,KSA,861.18,111563,1072,13,466.7
C1406,2025-05-02,Meta,Retargeting,UAE,517.42,47086,957,18,512.23
C1407,2024-08-07,Google Ads,Always on,KSA,494.54,65595,2472,105,1073.03
C1408,2024-12-07,TikTok,Always on,Morocco,637.17,71434,935,10,467.55
C1409,2025-06-05,Google Ads,Always on,KSA,529.56,46543,1720,55,701.32
C1410,2025-02-13,Google Ads,Prospecting,KSA,527.59,95560,5125,196,2177.16
C1411,2024-03-07,Meta,Prospecting,UAE,836.42,84462,1831,38,878.24
C1412,2025-06-01,Google Ads,Always on,KSA,844.9,73188,3450,113,1076.69
C1413,2024-01-04,TikTok,Retargeting,UAE,421.39,36330,367,4,158.92
C1414,2024-12-08,SEO,Prospecting,Morocco,624.79,106373,5360,375,3687.1
C1415,2025-01-16,SEO,Prospecting,KSA,707.95,166881,11366,693,7536.34
C1416,2025-03-06,Meta,Always on,Morocco,804.16,90860,1351,23,540.82
C1417,2025-03-27,SEO,Prospecting,UAE,507.82,49410,2401,118,1415.88
C1418,2024-06-15,Meta,Always on,Morocco,779.77,183181,3522,89,2532.25
C1419,2024-12-23,TikTok,Retargeting,UAE,851.71,97593,1199,12,481.2
C1420,2025-01-17,Email,Always on,UAE,455.62,67096,7069,472,3812.0
C1421,2025-01-11,SEO,Prospecting,Morocco,1341.13,189531,10919,483,5560.19
C1422,2024-02-23,Meta,Always on,Morocco,816.45,70527,1278,22,644.45
C1423,2024-10-17,Email,Retargeting,Morocco,554.44,133949,13936,1068,7671.67
C1424,2024-10-05,Google Ads,Prospecting,KSA,450.53,37834,1454,71,675.88
C1425,2025-01-14,Meta,Always on,UAE,601.46,70423,1341,33,942.72
C1426,2025-03-25,SEO,Retargeting,KSA,348.36,30915,1466,76,807.09
C1427,2024-01-01,SEO,Always on,UAE,424.47,53505,2623,160,1812.32
C1428,2024-03-04,Meta,Always on,UAE,350.61,37637,642,17,438.4
C1429,2025-05-03,TikTok,Retargeting,Morocco,564.32,70336,944,12,531.1
C1430,2025-03-21,Meta,Prospecting,KSA,614.71,66786,1091,29,711.96
C1431,2024-01-13,Google Ads,Always on,Morocco,763.79,67699,2394,107,1352.16
C1432,2024-01-05,Google Ads,Always on,UAE,392.21,83741,4232,123,1398.31
C1433,2024-02-21,TikTok,Always on,KSA,1207.92,188872,1830,19,676.58
C1434,2024-01-17,TikTok,Prospecting,KSA,1032.03,109801,1214,11,411.7
C1435,2024-07-15,Google Ads,Retargeting,UAE,527.77,65163,3311,105,1099.01
C1436,2024-09-23,TikTok,Prospecting,UAE,788.56,68315,666,7,271.91
C1437,2024-08-15,Google Ads,Always on,KSA,533.98,90566,4653,203,2339.31
C1438,2025-04-02,Email,Always on,KSA,908.91,105595,8512,633,4936.73
C1439,2025-01-21,Meta,Prospecting,UAE,450.47,89656,1983,52,1320.58
C1440,2024-10-17,SEO,Retargeting,Morocco,1135.28,223528,10987,635,7082.25
C1441,2024-09-17,TikTok,Prospecting,UAE,2048.09,330367,3706,43,1560.22
C1442,2024-06-14,Google Ads,Retargeting,UAE,384.31,45334,1936,54,663.69
C1443,2024-08-01,Google Ads,Always on,Morocco,482.24,69413,3820,129,1391.37
C1444,2025-01-27,SEO,Retargeting,KSA,671.19,149489,9292,555,5490.57
C1445,2024-10-21,Meta,Always on,Morocco,983.78,120398,2654,60,1765.29
C1446,2025-06-20,Email,Always on,UAE,582.49,56460,5814,495,3084.84
C1447,2024-09-20,Meta,Always on,UAE,627.33,88933,1216,27,797.52
C1448,2024-12-04,TikTok,Retargeting,UAE,2100.66,472208,6272,48,2154.64
C1449,2025-04-10,Email,Retargeting,UAE,279.6,35294,2675,154,1198.59
C1450,2025-05-01,Google Ads,Always on,KSA,511.46,45119,1914,84,990.25
C1451,2024-06-08,Meta,Retargeting,KSA,1006.2,195491,2777,54,1553.7
C1452,2024-06-11,Email,Prospecting,KSA,349.61,50232,4999,434,2705.23
C1453,2024-08-09,Google Ads,Prospecting,UAE,649.21,103920,4472,155,1718.28
C1454,2024-05-09,Google Ads,Retargeting,UAE,391.43,92220,5184,155,1869.39
C1455,2024-12-22,Google Ads,Always on,UAE,444.78,72871,3082,142,1672.33
C1456,2024-06-15,TikTok,Prospecting,UAE,594.12,56889,759,5,200.43
C1457,2024-09-12,TikTok,Always on,UAE,623.17,58062,589,7,266.5
C1458,2024-12-02,SEO,Retargeting,KSA,462.37,46241,2729,153,1436.56
C1459,2025-04-25,Meta,Always on,Morocco,385.38,73765,1265,31,687.59
C1460,2024-01-08,TikTok,Always on,UAE,533.29,95882,1246,11,441.55
C1461,2025-04-11,SEO,Prospecting,UAE,342.87,62833,3975,191,1793.38
C1462,2024-06-19,TikTok,Retargeting,UAE,1414.53,335440,3840,54,2098.4
C1463,2024-01-03,Email,Retargeting,Morocco,455.29,55467,5932,418,3221.42
C1464,2024-05-13,Google Ads,Always on,UAE,819.2,104312,4397,125,1508.09
C1465,2024-03-24,SEO,Retargeting,KSA,571.7,59011,4009,160,1862.04
C1466,2025-03-26,SEO,Always on,Morocco,390.06,33786,2393,138,1292.05
C1467,2025-01-10,Email,Always on,Morocco,798.23,68768,5355,446,3206.68
C1468,2025-01-13,Google Ads,Prospecting,KSA,841.56,116607,4307,204,2457.45
C1469,2025-04-06,Google Ads,Always on,KSA,366.69,32563,1782,85,892.45
C1470,2025-01-06,TikTok,Always on,UAE,776.02,126361,1449,13,586.75
C1471,2024-10-18,Google Ads,Always on,KSA,372.54,44388,1780,83,956.25
C1472,2024-12-06,Email,Always on,UAE,480.53,71989,7399,645,4138.95
C1473,2024-11-24,Google Ads,Always on,KSA,396.02,55164,3072,147,1592.99
C1474,2024-07-18,TikTok,Always on,UAE,965.39,153752,2171,17,631.81
C1475,2024-10-10,Google Ads,Always on,Morocco,522.22,49996,2448,79,882.16
C1476,2024-08-03,Meta,Prospecting,Morocco,542.78,54006,1071,16,358.61
C1477,2024-02-06,SEO,Always on,UAE,955.07,123925,6631,272,2669.99
C1478,2025-06-03,Google Ads,Prospecting,UAE,730.81,68149,2686,117,1111.23
C1479,2025-06-03,TikTok,Retargeting,KSA,629.11,79871,732,9,392.79
C1480,2025-03-04,Meta,Always on,KSA,851.82,94768,1920,35,1022.59
C1481,2025-01-15,Meta,Retargeting,KSA,407.96,42328,607,11,300.76
C1482,2025-06-18,TikTok,Prospecting,KSA,874.17,83678,874,9,386.68
C1483,2024-08-18,Email,Prospecting,Morocco,493.26,56797,5613,291,2425.67
C1484,2024-12-01,SEO,Prospecting,Morocco,995.69,91797,4807,329,3989.66
C1485,2024-04-12,TikTok,Always on,UAE,752.87,83367,797,9,348.04
C1486,2024-03-10,Email,Always on,KSA,587.34,55456,5139,324,2086.74
C1487,2025-05-14,Google Ads,Retargeting,KSA,1123.0,124090,4351,143,1645.46
C1488,2025-04-10,Meta,Retargeting,Morocco,605.76,52346,790,19,436.56
C1489,2024-07-11,Google Ads,Prospecting,UAE,454.99,48728,1991,89,1130.68
C1490,2025-01-16,Google Ads,Always on,UAE,681.08,84088,4437,190,2124.06
C1491,2025-03-04,Google Ads,Retargeting,Morocco,480.19,66706,3673,106,1180.76
C1492,2024-12-14,SEO,Retargeting,UAE,879.76,91081,5289,339,3957.16
C1493,2025-06-09,Meta,Prospecting,KSA,601.2,81609,1546,32,802.78
C1494,2024-11-26,Google Ads,Always on,KSA,498.92,64857,3139,100,1185.25
C1495,2025-02-19,TikTok,Always on,Morocco,740.16,134627,1969,25,982.58
C1496,2024-07-25,Email,Prospecting,UAE,993.29,148036,15599,836,6934.94
C1497,2024-11-07,SEO,Prospecting,KSA,759.47,87380,4596,279,3117.31
C1498,2025-02-13,Meta,Prospecting,UAE,801.63,97458,1559,33,773.25
C1499,2024-10-15,Meta,Retargeting,KSA,550.96,129732,2264,36,894.77
C1500,2025-02-01,TikTok,Always on,KSA,1763.21,252438,2557,25,1054.35
C1501,2024-03-15,TikTok,Retargeting,KSA,1289.64,140740,1981,26,907.36
C1502,2024-07-05,TikTok,Always on,UAE,867.06,77404,899,12,531.12
C1503,2024-09-13,SEO,Retargeting,UAE,755.64,134798,8233,523,5230.36
C1504,2025-05-14,SEO,Retargeting,Morocco,749.49,109851,6608,438,5015.9
C1505,2024-09-09,Meta,Always on,KSA,682.36,58732,1165,20,565.4
C1506,2025-04-20,TikTok,Always on,Morocco,721.97,100921,1342,14,515.01
C1507,2025-03-04,SEO,Retargeting,UAE,511.68,57075,3134,154,1459.23
C1508,2024-09-26,TikTok,Always on,UAE,1125.16,185456,2249,19,690.72
C1509,2024-02-14,Email,Prospecting,KSA,497.55,46655,3782,213,1352.41
C1510,2025-02-05,Email,Retargeting,KSA,685.26,86995,7459,403,2630.33
C1511,2024-10-12,TikTok,Retargeting,KSA,1385.7,139801,1606,20,781.56
C1512,2024-11-09,Meta,Retargeting,KSA,479.36,97831,1920,30,706.75
C1513,2024-06-27,SEO,Always on,KSA,670.79,97313,4898,254,2339.82
C1514,2024-06-07,TikTok,Always on,Morocco,1417.73,193201,2590,24,901.16
C1515,2024-10-24,Meta,Retargeting,UAE,557.99,49845,1044,19,427.17
C1516,2024-12-25,Meta,Always on,UAE,492.48,79244,1683,41,1163.71
C1517,2025-03-14,SEO,Prospecting,UAE,759.25,148506,10290,635,7614.28
C1518,2024-02-20,SEO,Prospecting,Morocco,495.38,98766,5930,268,2466.0
C1519,2024-10-10,Google Ads,Always on,Morocco,422.15,39859,2045,97,1067.52
C1520,2025-03-03,Email,Prospecting,Morocco,1158.47,125375,10189,835,6355.58
C1521,2025-03-12,Email,Always on,UAE,1101.92,185723,16676,1484,9900.27
C1522,2025-03-23,TikTok,Always on,KSA,755.17,131093,1423,17,727.61
C1523,2024-11-21,Google Ads,Prospecting,KSA,375.5,48796,1948,78,939.28
C1524,2024-09-11,Email,Always on,UAE,824.85,86730,6102,368,2837.71
C1525,2024-12-22,TikTok,Always on,UAE,1195.52,112915,1429,15,700.08
C1526,2024-07-27,Meta,Retargeting,UAE,830.73,71465,1178,20,525.37
C1527,2025-02-08,TikTok,Prospecting,UAE,409.36,43126,563,4,166.11
C1528,2024-11-10,Meta,Retargeting,KSA,746.12,72823,1537,32,771.17
C1529,2025-03-01,Google Ads,Always on,KSA,596.74,80867,3449,167,2047.81
C1530,2025-03-15,Google Ads,Prospecting,KSA,903.43,89456,3116,112,1156.46
C1531,2024-04-13,Meta,Retargeting,UAE,796.33,78130,1680,34,851.26
C1532,2025-04-27,Email,Prospecting,Morocco,448.27,39377,3208,163,1058.53
C1533,2024-07-10,Meta,Always on,KSA,679.16,62954,989,16,465.11
C1534,2024-07-09,Google Ads,Retargeting,KSA,672.16,59641,2267,93,920.41
C1535,2025-05-07,Email,Retargeting,UAE,899.41,161891,12963,983,6837.51
C1536,2024-04-27,Email,Retargeting,UAE,1251.97,205829,19670,998,6328.73
C1537,2025-05-05,Email,Prospecting,Morocco,486.95,40757,3178,175,1193.96
C1538,2024-10-24,Google Ads,Retargeting,KSA,566.92,47502,2091,87,894.72
C1539,2024-04-04,Email,Always on,UAE,1047.07,162879,17018,1477,11612.0
C1540,2024-05-09,TikTok,Retargeting,Morocco,2023.26,169008,1781,22,809.07
C1541,2024-02-25,Meta,Retargeting,UAE,391.46,35609,684,10,251.89
C1542,2025-06-20,Meta,Retargeting,UAE,850.69,136214,2217,38,917.19
C1543,2024-09-25,Email,Always on,KSA,862.57,193375,16396,877,6271.67
C1544,2024-05-05,Email,Always on,UAE,347.65,32723,3674,241,1580.98
C1545,2025-01-19,Meta,Always on,UAE,393.12,73756,1343,21,557.68
C1546,2025-04-05,TikTok,Retargeting,UAE,1153.18,211191,2546,20,793.19
C1547,2024-06-10,SEO,Prospecting,UAE,281.29,25065,1452,80,941.72
C1548,2024-10-04,TikTok,Prospecting,Morocco,851.61,87407,1047,14,578.08
C1549,2024-05-01,Google Ads,Retargeting,UAE,354.96,33246,1477,59,627.36
C1550,2024-07-18,Meta,Prospecting,UAE,795.73,122998,2677,59,1374.95
C1551,2024-09-21,Google Ads,Prospecting,UAE,607.93,71784,3122,109,1341.59
C1552,2024-10-06,Google Ads,Prospecting,KSA,826.96,88800,4482,180,2122.77
C1553,2024-06-06,TikTok,Retargeting,UAE,872.1,208022,2466,21,905.89
C1554,2025-01-05,TikTok,Always on,UAE,892.31,147796,1430,19,678.23
C1555,2025-02-02,Email,Prospecting,Morocco,642.26,92098,6842,346,2739.46
C1556,2024-04-20,Google Ads,Prospecting,Morocco,744.99,155275,6911,260,2969.78
C1557,2025-03-25,Meta,Always on,UAE,1563.11,169370,2939,71,1856.67
C1558,2025-04-16,Google Ads,Retargeting,Morocco,625.75,88979,4611,162,2030.16
C1559,2024-02-18,Google Ads,Prospecting,KSA,318.03,72208,3636,145,1616.26
C1560,2024-05-04,Google Ads,Prospecting,Morocco,373.08,31272,1340,40,430.24
C1561,2025-02-20,TikTok,Retargeting,Morocco,1212.96,191690,2124,28,1100.17
C1562,2024-10-10,TikTok,Always on,UAE,851.13,95015,1145,11,420.63
C1563,2025-02-13,Email,Prospecting,KSA,426.67,44677,4663,308,2002.82
C1564,2025-02-11,TikTok,Prospecting,KSA,571.17,48672,599,5,176.14
C1565,2024-09-05,Meta,Prospecting,UAE,587.03,107940,2377,41,1189.88
C1566,2024-07-17,Email,Retargeting,Morocco,561.13,52330,4828,351,2472.98
C1567,2025-06-02,TikTok,Retargeting,UAE,959.55,112513,1196,9,316.18
C1568,2024-03-27,Meta,Prospecting,KSA,718.21,87455,1517,30,719.0
C1569,2025-03-09,Google Ads,Always on,UAE,579.93,63874,2626,113,1199.58
C1570,2025-05-21,TikTok,Retargeting,Morocco,545.1,110668,1220,10,428.83
C1571,2024-04-25,Email,Prospecting,UAE,571.08,62633,6922,484,3561.03
C1572,2024-12-21,Email,Retargeting,KSA,621.63,122843,11013,802,6345.73
C1573,2024-11-25,TikTok,Retargeting,KSA,922.72,83528,980,11,448.77
C1574,2025-06-11,Email,Prospecting,Morocco,657.26,65865,4944,404,3328.0
C1575,2024-02-08,TikTok,Retargeting,UAE,1529.4,132892,1532,20,855.52
C1576,2025-05-24,Email,Always on,Morocco,753.69,142132,10895,959,6781.79
C1577,2024-09-07,SEO,Always on,UAE,468.3,109329,6334,416,4806.55
C1578,2024-11-02,Google Ads,Prospecting,UAE,716.02,141458,4883,185,1953.99
C1579,2024-04-22,Google Ads,Retargeting,UAE,681.8,129695,5201,167,1766.71
C1580,2024-07-06,TikTok,Prospecting,UAE,1144.62,103439,1237,15,558.54
C1581,2024-12-13,SEO,Always on,Morocco,1209.93,115252,7612,406,4148.6
C1582,2024-02-26,TikTok,Prospecting,Morocco,690.41,109970,1551,13,453.58
C1583,2025-03-14,SEO,Retargeting,UAE,707.21,149976,7424,523,6275.77
C1584,2025-01-06,TikTok,Prospecting,KSA,747.86,69137,717,6,243.74
C1585,2025-03-23,Meta,Prospecting,UAE,495.49,86414,1465,36,936.33
C1586,2025-02-23,Email,Always on,KSA,710.03,64358,5477,387,3091.0
C1587,2025-02-01,Meta,Retargeting,Morocco,364.86,47816,969,25,744.57
C1588,2024-07-15,Meta,Prospecting,Morocco,446.26,92088,1638,40,1079.08
C1589,2024-11-13,Meta,Always on,KSA,900.9,100233,1862,39,1068.24
C1590,2024-10-24,Meta,Always on,Morocco,367.45,53401,867,22,585.64
C1591,2025-04-26,TikTok,Retargeting,KSA,1413.01,126701,1367,19,727.49
C1592,2025-02-23,Meta,Prospecting,UAE,529.0,129477,2390,52,1192.76
C1593,2024-02-16,Google Ads,Retargeting,KSA,611.91,54694,2422,105,1072.77
C1594,2024-01-05,Meta,Retargeting,UAE,1186.26,124454,2669,64,1481.7
C1595,2024-12-27,Google Ads,Retargeting,UAE,561.45,108456,5646,177,1714.69
C1596,2024-07-15,Meta,Retargeting,KSA,490.72,58062,1195,22,532.59
C1597,2025-02-08,Meta,Prospecting,Morocco,457.85,80650,1378,25,709.95
C1598,2024-12-08,Google Ads,Always on,UAE,650.49,132736,5228,239,2598.66
C1599,2025-01-08,Google Ads,Always on,Morocco,666.61,131286,4892,225,2318.1
C1600,2025-01-22,Email,Retargeting,UAE,733.53,76132,6391,518,4013.57
C1601,2024-03-18,Google Ads,Prospecting,UAE,414.11,46732,2276,84,828.61
C1602,2024-11-09,Meta,Prospecting,KSA,435.95,79839,1791,44,1104.27
C1603,2024-06-01,Google Ads,Always on,Morocco,952.9,208932,7886,221,2489.43
C1604,2025-01-20,Google Ads,Always on,KSA,1307.96,318518,13367,654,7756.07
C1605,2024-03-26,TikTok,Retargeting,Morocco,1115.92,219287,2040,23,846.11
C1606,2025-05-09,TikTok,Retargeting,Morocco,975.71,93014,1074,13,518.12
C1607,2025-05-27,Google Ads,Retargeting,KSA,426.9,63154,2715,85,945.35
C1608,2025-05-07,Meta,Retargeting,UAE,712.53,96420,1750,41,1134.96
C1609,2024-04-10,SEO,Retargeting,KSA,475.42,58473,4223,168,1964.71
C1610,2025-01-02,Meta,Retargeting,Morocco,376.55,49478,1080,23,590.27
C1611,2024-12-25,Google Ads,Retargeting,Morocco,479.21,93757,4630,149,1641.98
C1612,2024-10-21,TikTok,Retargeting,UAE,805.51,87180,862,8,294.14
C1613,2024-03-02,Meta,Prospecting,Morocco,793.76,144888,2663,53,1216.07
C1614,2025-06-06,TikTok,Retargeting,UAE,1967.94,353413,4728,47,1743.74
C1615,2024-07-12,Email,Prospecting,UAE,591.53,49447,5430,375,2797.07
C1616,2024-11-10,Email,Always on,Morocco,758.91,112807,10840,966,6768.36
C1617,2024-04-15,Google Ads,Always on,KSA,839.33,76939,2923,84,898.59
C1618,2025-02-26,Meta,Always on,UAE,642.07,84451,1806,30,719.67
C1619,2024-01-15,Google Ads,Prospecting,KSA,820.45,93545,3200,144,1547.78
C1620,2024-02-18,Google Ads,Prospecting,UAE,622.06,135758,7476,240,2746.8
C1621,2025-01-26,SEO,Always on,Morocco,685.02,111524,6233,359,3553.47
C1622,2024-11-07,Google Ads,Prospecting,Morocco,483.61,44418,1533,44,509.35
C1623,2024-03-04,SEO,Retargeting,KSA,515.83,63627,4491,245,2238.1
C1624,2024-02-08,Google Ads,Retargeting,UAE,760.55,94396,4414,118,1385.29
C1625,2024-04-05,Meta,Retargeting,Morocco,509.8,48708,1026,26,715.01
C1626,2024-10-01,Google Ads,Prospecting,UAE,631.78,64607,2804,90,1139.32
C1627,2024-09-26,Google Ads,Always on,KSA,641.01,59339,3256,157,1684.95
C1628,2024-05-16,Meta,Retargeting,Morocco,922.96,82752,1524,28,659.85
C1629,2024-12-06,TikTok,Retargeting,KSA,1139.57,245587,2340,22,972.45
C1630,2024-10-05,SEO,Always on,UAE,671.22,89431,5486,211,1954.13
C1631,2025-03-15,Meta,Always on,KSA,609.49,52582,937,15,406.17
C1632,2024-11-04,SEO,Retargeting,KSA,602.07,107423,6148,287,3030.92
C1633,2025-01-02,Meta,Retargeting,KSA,716.56,169685,3336,66,1741.64
C1634,2024-08-12,SEO,Retargeting,UAE,410.69,41873,2152,131,1419.66
C1635,2024-07-07,Google Ads,Prospecting,UAE,609.4,55032,2736,102,1099.1
C1636,2024-01-20,SEO,Retargeting,UAE,624.59,54199,2800,181,1850.64
C1637,2024-04-08,Meta,Retargeting,Morocco,661.99,105850,1871,37,822.9
C1638,2024-08-04,Email,Prospecting,KSA,498.84,55221,5289,270,1862.68
C1639,2024-07-16,TikTok,Always on,UAE,999.3,90089,1284,11,497.52
C1640,2024-04-19,Email,Always on,KSA,345.65,34496,2453,214,1548.11
C1641,2025-01-09,SEO,Retargeting,UAE,447.0,92988,4678,262,3082.96
C1642,2024-07-11,Google Ads,Retargeting,UAE,766.68,148905,5778,264,2863.29
C1643,2024-06-16,Meta,Retargeting,KSA,1140.21,115055,2140,32,855.24
C1644,2024-11-04,Google Ads,Prospecting,KSA,607.72,59791,2116,92,1005.22
C1645,2024-08-03,Email,Retargeting,UAE,789.1,79324,7024,420,3140.4
C1646,2024-11-09,Meta,Always on,Morocco,525.14,45435,1011,15,437.19
C1647,2025-01-22,SEO,Always on,KSA,438.09,36969,1812,76,820.53
C1648,2025-05-20,Meta,Always on,Morocco,314.64,29694,562,11,285.7
C1649,2025-06-10,Google Ads,Always on,UAE,666.61,71905,3081,144,1520.73
C1650,2025-05-27,SEO,Always on,KSA,656.44,79522,3755,221,2468.66
C1651,2024-04-14,Meta,Prospecting,KSA,659.44,117787,2475,58,1460.74
C1652,2025-06-25,Meta,Retargeting,KSA,1043.06,126874,1819,40,989.71
C1653,2024-04-27,TikTok,Prospecting,KSA,549.55,135218,1314,14,577.08
C1654,2024-09-17,SEO,Prospecting,UAE,595.42,94362,5351,374,3450.06
C1655,2024-10-21,Meta,Retargeting,Morocco,814.13,69093,1509,36,921.71
C1656,2024-06-17,Email,Always on,UAE,544.93,48085,4427,264,1648.0
C1657,2025-02-10,TikTok,Retargeting,Morocco,1535.76,303465,2794,32,1365.01
C1658,2025-06-16,Google Ads,Prospecting,UAE,511.78,80927,3715,166,1917.88
C1659,2025-06-15,Meta,Always on,UAE,540.83,110523,2450,51,1393.99
C1660,2025-02-25,Google Ads,Retargeting,UAE,629.93,56677,3031,94,1162.35
C1661,2024-01-23,Meta,Always on,UAE,811.94,79241,1637,42,1208.27
C1662,2025-01-13,Google Ads,Prospecting,KSA,462.17,71152,3987,183,1781.93
C1663,2024-12-11,Email,Retargeting,UAE,640.03,58121,6320,355,2846.09
C1664,2024-09-09,Meta,Always on,UAE,429.04,80620,1782,35,1022.29
C1665,2024-04-25,Google Ads,Retargeting,Morocco,756.66,65672,3210,146,1531.77
C1666,2025-01-18,TikTok,Always on,UAE,1062.52,124458,1824,22,1006.4
C1667,2025-01-05,Meta,Prospecting,KSA,555.01,60060,1335,30,890.57
C1668,2025-03-11,Meta,Prospecting,KSA,807.03,69993,1511,28,782.12
C1669,2024-08-16,Email,Retargeting,KSA,577.53,92851,7395,464,3235.4
C1670,2024-01-27,SEO,Retargeting,KSA,903.08,76722,5469,369,3462.34
C1671,2024-11-22,Meta,Prospecting,KSA,1118.83,95228,2017,46,1188.67
C1672,2024-11-18,Meta,Retargeting,Morocco,550.53,61159,982,19,462.4
C1673,2025-05-05,Meta,Always on,UAE,464.98,45707,1002,17,451.18
C1674,2024-09-24,TikTok,Always on,UAE,1359.93,235739,2974,25,922.53
C1675,2024-07-14,TikTok,Always on,UAE,735.96,92770,929,8,361.35
C1676,2024-12-24,Email,Always on,UAE,229.96,44338,4309,285,2047.27
C1677,2024-03-27,Google Ads,Always on,KSA,388.06,72951,3224,119,1183.43
C1678,2025-02-18,TikTok,Always on,UAE,927.13,77273,1022,14,653.64
C1679,2024-12-13,Meta,Always on,KSA,379.14,79360,1351,33,860.1
C1680,2024-12-12,TikTok,Prospecting,KSA,973.76,97589,1092,15,695.16
C1681,2025-05-06,SEO,Always on,UAE,1192.18,104510,4983,275,2842.23
C1682,2024-08-16,TikTok,Always on,Morocco,789.53,152965,2007,22,955.77
C1683,2024-09-09,Email,Retargeting,Morocco,310.55,34640,2423,179,1356.24
C1684,2024-09-26,Google Ads,Prospecting,UAE,467.12,43502,1504,64,728.2
C1685,2024-02-17,Meta,Always on,UAE,907.61,161716,2200,34,815.0
C1686,2024-06-01,Meta,Prospecting,Morocco,557.81,83505,1352,26,749.29
C1687,2025-05-03,Google Ads,Retargeting,KSA,329.38,70088,3645,127,1611.64
C1688,2024-07-11,Google Ads,Prospecting,Morocco,845.4,73372,4117,169,1945.77
C1689,2024-06-26,Meta,Always on,UAE,291.79,25833,353,7,188.26
C1690,2025-02-09,Meta,Always on,UAE,681.83,107070,2001,54,1332.12
C1691,2024-09-27,Google Ads,Always on,KSA,588.08,59126,2090,76,864.06
C1692,2025-02-08,Meta,Prospecting,UAE,529.21,68609,1121,18,521.79
C1693,2024-06-13,Meta,Retargeting,KSA,781.25,76182,1138,28,624.28
C1694,2024-01-22,Meta,Retargeting,Morocco,543.94,54379,1137,27,769.17
C1695,2025-04-21,SEO,Always on,UAE,473.77,58407,3859,213,2263.42
C1696,2024-06-02,SEO,Retargeting,UAE,513.02,74710,5601,219,2661.9
C1697,2024-08-27,Google Ads,Prospecting,Morocco,574.95,48785,1930,66,837.63
C1698,2024-05-24,Email,Retargeting,Morocco,1457.91,139384,10394,670,4461.34
C1699,2024-08-15,Google Ads,Retargeting,UAE,840.47,137650,6408,275,3492.51
C1700,2024-08-19,Meta,Retargeting,KSA,844.14,116108,2235,53,1469.65
C1701,2025-01-19,Google Ads,Prospecting,KSA,475.5,44090,2378,78,982.79
C1702,2024-12-07,TikTok,Retargeting,Morocco,843.24,96812,1438,18,722.39
C1703,2024-08-12,SEO,Retargeting,UAE,982.72,160422,7921,435,5041.0
C1704,2025-01-18,Meta,Always on,UAE,481.58,41517,616,14,382.0
C1705,2024-02-14,SEO,Always on,KSA,641.72,53723,3284,198,2150.49
C1706,2025-04-22,Google Ads,Prospecting,KSA,556.29,55424,2028,94,1092.99
C1707,2024-04-26,Email,Retargeting,KSA,419.2,94248,9236,573,4466.69
C1708,2025-01-25,Email,Prospecting,Morocco,564.68,69189,5190,364,2476.68
C1709,2024-07-22,Email,Retargeting,Morocco,459.95,77196,7054,528,3340.16
C1710,2024-05-08,Google Ads,Always on,UAE,305.68,38205,1395,64,690.28
C1711,2024-11-05,Google Ads,Retargeting,KSA,542.61,78272,3684,127,1588.36
C1712,2024-10-04,SEO,Always on,UAE,1121.01,110607,5737,308,3549.63
C1713,2025-01-04,Meta,Retargeting,KSA,855.39,101271,1526,33,767.05
C1714,2024-09-01,TikTok,Retargeting,Morocco,1308.55,110769,1358,14,491.25
C1715,2024-02-20,Email,Retargeting,Morocco,888.7,115267,12048,1062,7985.19
C1716,2024-12-06,Meta,Prospecting,UAE,596.02,66760,1105,27,755.24
C1717,2024-09-19,Meta,Always on,UAE,535.26,55335,864,14,414.48
C1718,2025-04-09,Meta,Always on,UAE,525.13,85992,1536,41,1049.42
C1719,2024-02-05,Google Ads,Always on,Morocco,548.77,79059,3841,127,1531.7
C1720,2024-09-05,Email,Retargeting,UAE,420.19,63827,5656,361,2269.68
C1721,2024-12-04,Google Ads,Always on,UAE,1196.13,171540,7936,313,3612.63
C1722,2024-04-18,Google Ads,Always on,KSA,710.85,78504,3524,99,1206.67
C1723,2024-12-21,TikTok,Always on,Morocco,1214.64,171018,1686,22,864.35
C1724,2025-04-20,Meta,Retargeting,Morocco,429.57,54730,894,23,628.18
C1725,2024-10-06,Google Ads,Retargeting,Morocco,607.71,69900,2821,92,1005.27
C1726,2024-11-18,SEO,Prospecting,KSA,1098.0,96697,5274,299,3118.12
C1727,2025-02-11,TikTok,Retargeting,Morocco,869.55,96182,1404,14,570.16
C1728,2024-05-15,Google Ads,Retargeting,UAE,434.43,57686,2725,79,919.82
C1729,2024-10-10,Google Ads,Always on,UAE,685.99,62042,2515,68,663.15
C1730,2024-09-10,TikTok,Retargeting,Morocco,1061.61,204161,3008,30,1129.0
C1731,2024-03-15,Email,Prospecting,Morocco,444.72,42486,4210,362,3026.61
C1732,2024-11-25,SEO,Prospecting,Morocco,612.68,56787,3917,246,2576.33
C1733,2025-04-08,Meta,Always on,UAE,371.0,35012,497,7,158.09
C1734,2024-03-25,Google Ads,Prospecting,UAE,615.53,69696,3518,131,1638.65
C1735,2024-05-02,SEO,Retargeting,UAE,293.29,52012,3459,218,2529.05
C1736,2024-06-08,Email,Always on,KSA,354.16,47493,4277,381,2474.29
C1737,2024-08-03,Email,Prospecting,Morocco,421.12,39911,3140,199,1423.85
C1738,2025-06-24,SEO,Retargeting,UAE,578.64,72617,4569,275,3122.95
C1739,2024-11-04,Meta,Always on,KSA,352.06,46182,1022,18,485.79
C1740,2025-06-11,SEO,Always on,UAE,582.71,106779,6820,409,4103.9
C1741,2024-02-22,Meta,Always on,UAE,779.51,75231,1261,31,832.08
C1742,2025-05-17,Email,Retargeting,UAE,418.54,78481,6169,478,3862.71
C1743,2024-03-04,Meta,Retargeting,Morocco,675.05,138255,2257,58,1515.55
C1744,2024-06-17,Google Ads,Always on,KSA,424.48,53770,2071,65,807.34
C1745,2024-09-06,SEO,Retargeting,UAE,514.67,50180,3140,170,1603.72
C1746,2025-05-17,TikTok,Retargeting,Morocco,1144.87,112620,1324,14,498.05
C1747,2025-01-04,Meta,Retargeting,UAE,665.15,104919,1539,25,630.98
C1748,2024-07-14,Google Ads,Retargeting,UAE,707.98,99322,3785,168,1640.39
C1749,2024-12-20,Google Ads,Always on,KSA,718.18,63661,3103,128,1240.2
C1750,2024-01-24,Email,Always on,Morocco,271.51,24655,2277,177,1237.7
C1751,2024-03-20,SEO,Prospecting,Morocco,800.29,94151,6169,403,4457.52
C1752,2025-03-07,TikTok,Prospecting,UAE,1267.93,163554,2255,18,730.87
C1753,2024-05-27,Meta,Prospecting,Morocco,639.93,57935,1219,18,498.85
C1754,2025-02-24,Google Ads,Retargeting,UAE,587.64,95162,4294,154,1490.37
C1755,2024-02-13,Google Ads,Prospecting,KSA,686.12,67918,2762,122,1478.11
C1756,2025-05-15,TikTok,Always on,UAE,1222.28,139490,1290,15,641.47
C1757,2024-12-14,Google Ads,Always on,UAE,635.61,90136,4473,122,1529.69
C1758,2025-04-09,Email,Always on,KSA,453.43,61665,5167,297,2369.26
C1759,2024-05-17,SEO,Always on,KSA,609.26,108736,5039,242,2622.6
C1760,2024-10-22,Meta,Always on,KSA,655.11,111214,1914,37,869.28
C1761,2024-10-01,Meta,Retargeting,UAE,528.7,107107,1772,29,655.97
C1762,2024-07-09,Google Ads,Always on,UAE,312.56,30875,1330,52,634.59
C1763,2025-06-10,Google Ads,Retargeting,KSA,816.09,118769,5102,206,1942.66
C1764,2024-11-19,SEO,Retargeting,UAE,868.13,182724,10660,484,4830.73
C1765,2024-04-05,Meta,Retargeting,Morocco,748.41,175384,3906,77,1901.0
C1766,2025-01-21,TikTok,Prospecting,UAE,1041.8,140009,1894,19,872.16
C1767,2025-04-24,Google Ads,Always on,UAE,484.36,40531,2270,85,891.13
C1768,2024-03-21,TikTok,Prospecting,KSA,628.4,96991,1188,15,608.12
C1769,2025-03-16,Meta,Retargeting,UAE,429.47,38860,856,15,343.28
C1770,2024-01-19,TikTok,Prospecting,KSA,863.64,194836,2670,27,987.06
C1771,2024-11-02,Email,Retargeting,Morocco,519.79,109196,12055,808,5854.06
C1772,2024-11-12,SEO,Retargeting,Morocco,542.01,50716,3404,207,2394.62
C1773,2025-06-16,Google Ads,Always on,UAE,627.92,55307,1893,67,736.25
C1774,2024-02-26,Meta,Prospecting,UAE,684.83,100408,1773,44,1285.18
C1775,2024-02-09,Email,Always on,Morocco,970.33,85220,7653,404,3267.45
C1776,2025-01-06,Meta,Always on,UAE,391.26,38515,554,14,345.93
C1777,2024-05-04,Meta,Always on,KSA,663.52,73109,1144,18,516.52
C1778,2025-01-04,SEO,Prospecting,KSA,766.32,173578,12328,817,8389.3
C1779,2025-05-18,Email,Retargeting,UAE,431.22,70459,7055,566,4122.68
C1780,2024-10-07,TikTok,Always on,KSA,1102.74,108729,1454,15,557.7
C1781,2024-10-05,Email,Prospecting,Morocco,449.04,45099,3585,299,2216.71
C1782,2024-02-14,Google Ads,Always on,Morocco,502.84,124260,4614,136,1574.73
C1783,2024-02-18,Meta,Prospecting,UAE,765.17,70446,1103,17,429.81
C1784,2025-04-26,Email,Prospecting,KSA,944.43,124691,13075,896,6605.67
C1785,2025-04-01,Google Ads,Prospecting,KSA,561.24,110713,4304,131,1286.02
C1786,2025-04-22,Meta,Always on,UAE,628.48,55617,1150,23,676.02
C1787,2024-08-03,Google Ads,Always on,UAE,1087.78,170180,6763,304,3746.45
C1788,2024-07-13,Meta,Retargeting,UAE,611.76,74142,1178,17,500.89
C1789,2024-05-24,SEO,Retargeting,KSA,382.72,65593,4374,182,1676.14
C1790,2024-01-17,Email,Retargeting,KSA,672.46,145016,14571,1143,8913.35
C1791,2024-05-10,Google Ads,Always on,KSA,318.5,27303,1397,66,748.67
C1792,2024-02-13,Meta,Retargeting,Morocco,819.59,95897,1433,37,908.18
C1793,2024-04-16,SEO,Retargeting,KSA,544.1,75419,4541,218,2016.7
C1794,2025-06-06,Meta,Prospecting,UAE,674.87,64510,976,25,591.8
C1795,2024-05-06,Email,Retargeting,KSA,627.77,102695,7331,549,3435.65
C1796,2024-02-26,Email,Retargeting,UAE,868.13,162169,16793,1139,9223.4
C1797,2024-11-03,Meta,Prospecting,Morocco,472.89,69309,1280,27,647.61
C1798,2024-06-03,Google Ads,Retargeting,Morocco,1414.34,149410,6983,210,2156.54
C1799,2024-02-08,TikTok,Retargeting,UAE,1312.18,124521,1685,15,593.41
C1800,2025-04-04,SEO,Retargeting,UAE,613.53,60584,2903,171,1868.25
C1801,2025-01-01,Google Ads,Always on,KSA,420.04,51681,1946,88,850.02
C1802,2024-01-19,Meta,Always on,KSA,669.96,64906,1156,24,602.97
C1803,2024-03-22,Google Ads,Retargeting,KSA,738.74,74937,2703,116,1292.34
C1804,2025-01-05,SEO,Always on,UAE,765.67,64355,3899,194,2280.78
C1805,2025-01-15,Email,Prospecting,KSA,490.67,111791,9034,793,5941.14
C1806,2024-04-25,Meta,Retargeting,KSA,718.61,169318,3666,84,2490.52
C1807,2024-06-02,Google Ads,Prospecting,Morocco,483.81,47266,2580,90,929.28
C1808,2024-05-06,TikTok,Retargeting,Morocco,807.32,80987,988,12,512.99
C1809,2024-09-20,Meta,Always on,KSA,714.51,163952,2952,71,1691.9
C1810,2025-04-13,TikTok,Always on,KSA,1030.9,111849,1193,10,416.01
C1811,2025-01-11,TikTok,Retargeting,KSA,645.3,56548,738,9,314.24
C1812,2024-10-13,Google Ads,Prospecting,Morocco,740.72,82790,4417,181,1902.43
C1813,2025-03-23,TikTok,Retargeting,Morocco,1331.65,252336,2919,27,1038.27
C1814,2024-02-12,TikTok,Prospecting,KSA,1129.54,145250,1371,17,756.51
C1815,2025-06-16,TikTok,Prospecting,UAE,772.55,173594,2237,21,917.55
C1816,2024-06-05,SEO,Prospecting,UAE,570.75,59834,3458,232,2181.84
C1817,2025-01-05,Email,Retargeting,UAE,503.29,90330,7864,684,4980.76
C1818,2025-02-05,Meta,Prospecting,UAE,954.68,147740,2508,59,1350.18
C1819,2024-02-10,SEO,Always on,Morocco,712.58,65024,2938,149,1680.38
C1820,2025-05-12,SEO,Retargeting,Morocco,796.93,135890,7424,445,4898.03
C1821,2024-12-11,Google Ads,Prospecting,KSA,597.08,127146,5734,267,2538.66
C1822,2025-04-27,Meta,Prospecting,Morocco,650.81,95056,1820,29,812.81
C1823,2025-06-27,SEO,Prospecting,UAE,892.11,85020,4445,186,2146.18
C1824,2025-05-05,Google Ads,Retargeting,UAE,1465.45,190289,6624,286,3603.13
C1825,2024-04-26,Email,Retargeting,KSA,515.73,48340,4643,418,3214.89
C1826,2024-06-13,Meta,Retargeting,UAE,592.71,127653,1936,44,1149.82
C1827,2024-09-09,TikTok,Retargeting,Morocco,1704.88,191997,2590,32,1324.09
C1828,2025-06-19,SEO,Prospecting,UAE,1373.13,282247,21097,1209,11163.67
C1829,2024-07-19,TikTok,Always on,UAE,1706.94,225501,3125,40,1754.41
C1830,2024-07-13,TikTok,Prospecting,UAE,839.08,88284,1200,11,426.85
C1831,2025-04-18,Meta,Prospecting,UAE,984.75,89211,1674,41,1213.16
C1832,2025-03-07,Meta,Prospecting,Morocco,576.12,76275,1252,24,568.26
C1833,2024-01-01,Meta,Prospecting,KSA,450.45,64958,982,23,582.51
C1834,2025-03-07,SEO,Retargeting,UAE,774.14,141592,9585,430,4686.11
C1835,2025-06-11,Email,Always on,UAE,452.91,40745,4040,300,2460.92
C1836,2025-03-02,SEO,Prospecting,Morocco,339.03,52918,2851,149,1346.02
C1837,2024-05-18,Google Ads,Retargeting,UAE,645.55,135090,4615,173,1870.61
C1838,2025-01-24,Meta,Retargeting,UAE,629.66,89919,1888,51,1320.36
C1839,2025-05-15,Email,Retargeting,KSA,460.45,87019,8382,454,3349.02
C1840,2025-06-20,Meta,Always on,UAE,667.06,62339,848,21,491.07
C1841,2024-08-19,TikTok,Always on,KSA,1070.96,103413,1229,15,584.89
C1842,2024-07-11,TikTok,Always on,Morocco,726.13,81130,855,10,395.51
C1843,2024-03-03,TikTok,Prospecting,UAE,876.1,124393,1361,12,518.3
C1844,2025-04-17,Meta,Prospecting,UAE,530.08,44585,783,15,353.58
C1845,2025-01-12,Meta,Prospecting,UAE,738.21,107391,1508,27,734.52
C1846,2025-05-02,TikTok,Prospecting,UAE,735.62,122839,1142,15,582.75
C1847,2024-11-23,Meta,Retargeting,KSA,642.92,83841,1623,24,699.95
C1848,2025-01-12,Meta,Always on,Morocco,1019.48,252196,4752,110,2559.45
C1849,2024-07-10,Meta,Retargeting,KSA,315.75,43481,650,13,291.11
C1850,2024-06-19,Google Ads,Retargeting,KSA,353.88,82592,3179,87,970.64
C1851,2024-01-16,Google Ads,Prospecting,UAE,734.73,168735,7947,269,2663.87
C1852,2025-04-06,Email,Always on,KSA,601.99,54814,5943,291,2373.2
C1853,2024-01-15,Google Ads,Retargeting,UAE,418.82,38767,2084,79,771.82
C1854,2024-07-16,TikTok,Prospecting,UAE,696.2,107596,1268,15,668.96
C1855,2025-01-09,Meta,Always on,UAE,609.68,62510,1244,20,464.91
C1856,2025-04-24,TikTok,Prospecting,KSA,1682.85,287082,3734,30,1362.39
C1857,2025-02-13,TikTok,Retargeting,Morocco,1061.5,141397,1814,18,626.08
C1858,2024-09-11,TikTok,Prospecting,Morocco,988.88,183321,2338,22,827.76
C1859,2025-01-23,Google Ads,Always on,KSA,327.19,31250,1258,48,475.09
C1860,2024-05-12,TikTok,Prospecting,KSA,897.11,75860,958,9,386.55
C1861,2025-04-23,TikTok,Prospecting,Morocco,522.93,100088,1048,8,374.33
C1862,2025-06-14,TikTok,Prospecting,UAE,1279.14,253109,2825,23,801.79
C1863,2024-06-05,Meta,Always on,KSA,1089.76,108674,2213,58,1644.42
C1864,2025-06-26,Meta,Retargeting,Morocco,392.24,95004,1889,35,973.12
C1865,2025-02-14,Email,Retargeting,UAE,750.77,67682,5298,390,2934.97
C1866,2024-11-20,Meta,Retargeting,KSA,708.84,60486,845,20,517.61
C1867,2025-06-22,TikTok,Always on,KSA,1160.65,161791,1990,28,1113.83
C1868,2024-08-26,SEO,Prospecting,UAE,971.31,109406,7843,392,4300.35
C1869,2024-11-03,Meta,Prospecting,UAE,573.99,80703,1306,26,632.89
C1870,2024-05-17,TikTok,Retargeting,UAE,600.51,117838,1630,13,486.14
C1871,2025-02-01,Meta,Prospecting,Morocco,492.09,53663,1037,16,430.91
C1872,2024-08-17,TikTok,Retargeting,UAE,602.05,96942,1136,14,608.55
C1873,2024-09-08,Google Ads,Retargeting,Morocco,457.2,101018,3457,164,1622.71
C1874,2024-06-07,Meta,Prospecting,UAE,811.74,82535,1232,22,543.4
C1875,2024-06-03,TikTok,Retargeting,UAE,1674.02,221101,2996,24,1114.54
C1876,2024-10-14,Google Ads,Retargeting,KSA,1112.83,209745,11586,539,6184.81
C1877,2024-05-08,Google Ads,Prospecting,Morocco,569.5,65837,2229,64,815.34
C1878,2024-02-09,Meta,Retargeting,UAE,595.16,83198,1385,32,951.94
C1879,2024-01-27,Google Ads,Prospecting,Morocco,345.19,47380,2408,99,1110.73
C1880,2024-03-18,Google Ads,Retargeting,KSA,698.29,119256,5702,248,3139.42
C1881,2024-06-17,TikTok,Prospecting,UAE,833.8,73660,919,7,283.11
C1882,2024-07-14,TikTok,Always on,UAE,857.12,78013,1163,10,415.9
C1883,2024-01-19,TikTok,Always on,UAE,830.05,133841,1380,11,417.38
C1884,2024-09-21,Google Ads,Always on,UAE,459.94,77280,3796,136,1573.95
C1885,2024-10-11,SEO,Prospecting,UAE,691.3,94203,6587,260,2572.09
C1886,2025-06-10,Email,Retargeting,UAE,1472.38,234396,19497,1761,12752.48
C1887,2025-06-06,Email,Always on,KSA,793.86,77257,6798,360,2815.02
C1888,2025-05-20,SEO,Retargeting,Morocco,1013.39,152007,10471,726,7160.79
C1889,2024-01-07,Email,Prospecting,Morocco,419.8,56967,4216,306,2072.3
C1890,2024-10-12,Google Ads,Retargeting,Morocco,573.32,107045,5079,163,2028.21
C1891,2025-02-07,Meta,Always on,KSA,649.83,111379,2031,44,1018.74
C1892,2025-02-24,SEO,Retargeting,UAE,945.82,91565,5249,337,3614.65
C1893,2025-03-25,SEO,Always on,KSA,599.33,90218,5594,234,2409.04
C1894,2024-02-17,Meta,Always on,KSA,507.97,82482,1619,43,992.92
C1895,2025-06-07,Google Ads,Prospecting,UAE,347.78,85316,3803,126,1214.06
C1896,2024-10-20,Google Ads,Always on,UAE,424.22,50660,1826,88,1001.24
C1897,2025-05-18,TikTok,Always on,Morocco,1020.81,214632,2910,23,814.24
C1898,2024-12-20,SEO,Prospecting,KSA,781.37,143078,7262,390,4227.49
C1899,2024-09-14,SEO,Retargeting,UAE,437.3,56773,2869,178,1704.09
C1900,2024-09-04,TikTok,Retargeting,UAE,792.83,148441,1770,23,1001.33
C1901,2025-01-17,Google Ads,Prospecting,UAE,255.3,35263,1747,73,925.53
C1902,2024-08-06,Google Ads,Always on,UAE,460.44,53092,2553,120,1300.78
C1903,2024-01-17,SEO,Retargeting,UAE,346.1,33841,2196,118,1063.79
C1904,2025-03-14,Google Ads,Always on,UAE,1282.18,129668,4884,168,1774.41
C1905,2025-02-20,TikTok,Always on,KSA,1099.37,154267,1685,15,639.6
C1906,2025-03-27,SEO,Always on,UAE,700.77,68289,3829,241,2913.29
C1907,2024-08-01,Meta,Retargeting,UAE,661.09,63750,930,18,438.41
C1908,2024-07-04,SEO,Prospecting,Morocco,464.76,46677,3091,122,1233.86
C1909,2024-11-13,Google Ads,Always on,UAE,531.31,94118,4211,203,1978.95
C1910,2024-06-14,Google Ads,Always on,UAE,574.2,64332,2549,108,1070.05
C1911,2025-05-26,Google Ads,Prospecting,UAE,331.44,52459,2268,72,896.85
C1912,2024-06-05,Email,Always on,UAE,761.56,108713,8116,704,5786.55
C1913,2024-11-12,Google Ads,Retargeting,Morocco,299.62,28155,1519,72,816.37
C1914,2025-02-19,Email,Retargeting,UAE,463.15,51318,4125,207,1633.7
C1915,2025-06-22,Email,Retargeting,UAE,1197.89,110418,10221,909,7512.15
C1916,2024-01-09,Email,Retargeting,KSA,726.63,89787,7466,486,3138.85
C1917,2025-05-11,Email,Always on,KSA,429.48,38224,3665,329,2653.93
C1918,2024-04-27,Google Ads,Prospecting,KSA,563.26,132936,5175,252,2622.68
C1919,2024-07-15,TikTok,Always on,KSA,671.02,119381,1174,15,582.47
C1920,2024-04-13,TikTok,Retargeting,KSA,1095.09,161537,2230,30,1252.31
C1921,2024-11-09,TikTok,Always on,KSA,622.5,63698,629,6,235.04
C1922,2025-05-10,Google Ads,Retargeting,Morocco,479.85,77068,3784,121,1261.21
C1923,2025-03-16,Google Ads,Retargeting,KSA,1238.21,262664,11282,506,6059.69
C1924,2024-12-08,Google Ads,Prospecting,Morocco,1039.33,92841,3506,148,1433.39
C1925,2025-01-23,Email,Always on,KSA,423.48,46067,4942,449,2881.7
C1926,2024-01-17,TikTok,Prospecting,KSA,1179.04,127123,1404,11,513.37
C1927,2024-03-22,Google Ads,Prospecting,KSA,598.79,85693,4424,124,1457.88
C1928,2025-06-15,Google Ads,Retargeting,KSA,472.06,62976,3533,157,1705.92
C1929,2024-05-10,Google Ads,Always on,UAE,814.13,121025,4565,172,1810.19
C1930,2024-02-23,Meta,Retargeting,KSA,554.89,76974,1694,33,853.12
C1931,2024-07-05,SEO,Retargeting,KSA,418.73,39950,2434,120,1225.18
C1932,2024-04-18,Email,Always on,Morocco,532.97,51824,5240,340,2325.76
C1933,2024-10-22,Google Ads,Retargeting,Morocco,551.98,66126,3276,155,1859.64
C1934,2024-02-13,SEO,Prospecting,Morocco,789.08,71321,4346,168,1924.38
C1935,2024-07-24,Google Ads,Always on,Morocco,455.82,51333,1786,87,1108.95
C1936,2024-03-03,Meta,Prospecting,UAE,525.6,48930,916,14,403.51
C1937,2024-07-11,TikTok,Prospecting,UAE,1252.62,150489,2092,29,1214.43
C1938,2025-04-09,Google Ads,Always on,Morocco,457.92,39366,1646,50,540.85
C1939,2024-06-09,TikTok,Retargeting,Morocco,936.49,95064,915,11,439.48
C1940,2025-04-15,Email,Prospecting,UAE,647.72,146093,12191,685,4995.71
C1941,2025-05-21,Meta,Prospecting,KSA,553.17,55109,1106,21,470.27
C1942,2024-02-22,SEO,Retargeting,UAE,922.09,84690,4759,218,2623.67
C1943,2024-02-05,Meta,Prospecting,UAE,378.08,32815,641,13,298.01
C1944,2025-05-12,Google Ads,Retargeting,UAE,399.01,36884,1581,52,533.86
C1945,2024-10-17,Google Ads,Retargeting,UAE,640.46,76521,4091,177,1986.31
C1946,2024-08-03,Google Ads,Retargeting,KSA,421.24,50152,2021,66,719.78
C1947,2024-06-15,Meta,Prospecting,KSA,392.66,40872,819,17,485.68
C1948,2024-02-25,Email,Always on,UAE,822.88,160352,15580,1279,9077.72
C1949,2025-01-23,Meta,Always on,UAE,804.93,78266,1582,34,888.05
C1950,2025-06-02,Google Ads,Retargeting,UAE,361.8,59812,2196,105,1166.59
C1951,2024-02-05,Meta,Retargeting,KSA,1286.52,235861,4968,108,2475.95
C1952,2025-04-15,Google Ads,Always on,KSA,685.37,85503,3684,159,2014.32
C1953,2025-01-15,SEO,Prospecting,UAE,333.59,34343,2355,100,969.48
C1954,2024-03-05,Meta,Retargeting,UAE,573.63,54044,815,21,587.9
C1955,2024-12-03,Google Ads,Retargeting,KSA,1018.0,119550,4722,198,2089.96
C1956,2025-03-08,Google Ads,Prospecting,Morocco,789.57,168802,7856,328,3254.82
C1957,2025-01-18,Meta,Always on,KSA,537.18,55329,992,21,540.94
C1958,2024-03-27,Google Ads,Retargeting,Morocco,676.82,62387,3290,143,1808.93
C1959,2024-01-19,Meta,Prospecting,KSA,657.53,72727,1197,30,694.23
C1960,2024-03-16,TikTok,Retargeting,Morocco,1259.4,288107,3627,38,1406.77
C1961,2025-02-18,TikTok,Always on,UAE,744.72,141259,1271,17,686.13
C1962,2024-09-17,Meta,Retargeting,UAE,509.27,48225,734,11,316.16
C1963,2025-06-20,Meta,Retargeting,KSA,564.1,69182,1134,30,785.93
C1964,2024-10-23,Email,Prospecting,KSA,641.42,73606,6449,373,2907.35
C1965,2024-08-26,SEO,Prospecting,KSA,1157.44,279111,19449,1169,11679.0
C1966,2025-04-17,Google Ads,Always on,KSA,514.54,99588,5480,166,1943.84
C1967,2024-10-27,SEO,Retargeting,UAE,1188.82,155556,11035,572,5467.21
C1968,2024-09-21,Google Ads,Always on,KSA,663.29,63501,2228,92,1006.0
C1969,2025-05-08,Meta,Always on,Morocco,472.99,49680,953,20,487.98
C1970,2024-08-22,Email,Prospecting,KSA,697.78,74568,7228,451,3733.65
C1971,2024-05-03,Email,Always on,UAE,594.32,100336,8631,543,4039.63
C1972,2024-03-26,Meta,Always on,UAE,951.14,140901,2231,59,1347.43
C1973,2025-01-11,SEO,Retargeting,UAE,601.89,129879,6395,373,3557.24
C1974,2024-05-08,TikTok,Prospecting,UAE,727.06,101987,1330,17,706.35
C1975,2025-05-09,SEO,Retargeting,UAE,556.03,55098,3571,199,1925.57
C1976,2024-11-14,SEO,Retargeting,Morocco,702.08,60543,4277,206,2468.62
C1977,2024-03-12,Google Ads,Always on,KSA,630.21,74475,3606,129,1500.67
C1978,2024-12-09,Google Ads,Prospecting,KSA,592.52,60974,2554,82,784.22
C1979,2025-04-15,Meta,Always on,UAE,585.2,63189,992,18,485.06
C1980,2025-03-09,Meta,Prospecting,UAE,581.22,79733,1681,25,596.83
C1981,2024-04-15,Google Ads,Retargeting,KSA,668.21,70819,2696,79,937.68
C1982,2024-01-27,Google Ads,Always on,Morocco,568.03,127642,7015,275,3268.68
C1983,2024-11-13,Meta,Always on,KSA,376.76,42283,582,13,361.42
C1984,2025-01-07,Meta,Always on,UAE,559.62,61194,964,17,461.82
C1985,2024-09-23,Email,Prospecting,UAE,398.18,65532,5436,300,2355.87
C1986,2025-06-27,Google Ads,Retargeting,UAE,913.68,161460,6193,221,2329.55
C1987,2025-03-03,TikTok,Always on,UAE,1240.23,156266,2294,20,748.27
C1988,2024-05-05,Google Ads,Prospecting,Morocco,671.81,77209,2889,136,1539.52
C1989,2024-12-23,Google Ads,Retargeting,KSA,684.2,102929,5509,201,2090.82
C1990,2024-08-13,Google Ads,Retargeting,UAE,324.76,64687,2225,100,1241.28
C1991,2024-03-12,Email,Prospecting,UAE,716.11,113777,9368,598,3872.63
C1992,2025-03-05,Google Ads,Retargeting,Morocco,493.07,49314,1844,70,837.88
C1993,2025-04-10,Google Ads,Retargeting,KSA,837.91,124907,6071,197,2069.08
C1994,2024-02-25,Meta,Prospecting,Morocco,639.54,117557,1982,52,1521.28
C1995,2025-02-25,Email,Prospecting,UAE,536.76,67204,6911,611,4617.15
C1996,2024-03-14,Google Ads,Always on,Morocco,535.25,74671,2521,120,1482.34
C1997,2024-06-27,Email,Prospecting,UAE,500.78,99952,10494,873,5937.35
C1998,2024-11-26,Google Ads,Always on,KSA,884.82,164245,7956,340,3804.49
C1999,2025-06-01,TikTok,Prospecting,UAE,1547.58,174338,2068,19,721.23
C2000,2024-12-24,TikTok,Prospecting,UAE,963.65,153878,1386,17,773.11
C2001,2024-09-18,Google Ads,Always on,KSA,1918.56,177457,8008,337,3519.95
C2002,2024-10-18,TikTok,Always on,Morocco,815.7,109453,1266,10,391.51
C2003,2025-05-11,TikTok,Prospecting,KSA,762.9,123213,1416,13,514.85
C2004,2024-03-02,Google Ads,Retargeting,UAE,628.84,56292,2736,96,969.8
C2005,2025-04-18,Google Ads,Prospecting,KSA,676.36,131531,5783,253,2972.23
C2006,2024-02-13,SEO,Always on,UAE,1178.57,109873,8188,567,6675.64
C2007,2025-06-18,Meta,Retargeting,UAE,943.17,88598,1525,29,798.9
C2008,2024-05-21,Email,Prospecting,UAE,1142.54,256198,18292,1175,9056.78
C2009,2024-05-17,SEO,Prospecting,UAE,1105.59,188019,13309,561,5099.04
C2010,2024-05-01,Google Ads,Retargeting,KSA,314.92,41107,1900,55,581.62
C2011,2024-07-26,Meta,Always on,UAE,522.88,45910,706,16,449.42
C2012,2025-06-13,TikTok,Always on,UAE,1050.82,165053,1967,19,844.92
C2013,2025-06-01,TikTok,Always on,UAE,717.82,70197,721,8,366.16
C2014,2024-04-02,Email,Retargeting,KSA,602.0,73416,7728,549,4183.48
C2015,2025-06-14,Meta,Prospecting,UAE,1005.84,162005,2296,59,1461.21
C2016,2025-01-15,TikTok,Always on,UAE,738.09,94544,1411,12,524.41
C2017,2024-06-01,Meta,Always on,Morocco,772.4,68909,1390,21,477.64
C2018,2024-02-21,Meta,Always on,KSA,887.27,87471,1283,30,731.97
C2019,2025-02-09,Google Ads,Always on,Morocco,855.64,185875,6918,229,2318.79
C2020,2025-03-22,Email,Retargeting,KSA,580.36,67736,6528,488,4021.79
C2021,2024-11-21,Google Ads,Retargeting,KSA,667.02,64810,2678,83,922.2
C2022,2024-05-09,TikTok,Always on,Morocco,815.87,79210,770,8,317.81
C2023,2025-02-25,Email,Always on,UAE,672.68,83979,8973,762,5728.01
C2024,2024-10-23,Meta,Always on,UAE,481.54,45556,862,13,306.1
C2025,2025-03-13,SEO,Always on,KSA,572.39,73187,4901,300,2714.9
C2026,2024-08-19,SEO,Always on,KSA,1082.92,170232,10152,511,5198.72
C2027,2024-08-12,Google Ads,Always on,UAE,883.03,213993,11321,316,3669.29
C2028,2025-02-26,Google Ads,Prospecting,Morocco,600.32,76758,2848,139,1594.44
C2029,2024-10-16,Google Ads,Retargeting,UAE,626.06,82869,3720,103,1044.12
C2030,2024-05-24,Google Ads,Prospecting,Morocco,476.36,40088,1584,61,675.78
C2031,2024-11-14,Meta,Retargeting,Morocco,778.89,189064,3307,53,1302.92
C2032,2024-03-01,Meta,Retargeting,KSA,1130.77,117846,1879,31,895.15
C2033,2025-06-12,TikTok,Always on,UAE,1000.01,200735,1984,15,650.54
C2034,2025-06-20,SEO,Prospecting,Morocco,280.37,31816,2048,80,948.54
C2035,2024-07-08,Meta,Retargeting,UAE,578.13,78690,1431,36,975.76
C2036,2024-03-02,SEO,Always on,UAE,395.36,85594,5860,267,2597.63
C2037,2025-04-19,Google Ads,Prospecting,UAE,532.16,79501,3887,115,1221.37
C2038,2024-03-22,Google Ads,Retargeting,UAE,680.94,74556,3596,119,1293.48
C2039,2025-02-26,Google Ads,Prospecting,Morocco,506.68,65977,3443,131,1652.03
C2040,2024-12-06,TikTok,Retargeting,Morocco,928.85,86658,844,10,433.52
C2041,2025-05-19,Meta,Prospecting,UAE,369.11,42201,572,14,330.01
C2042,2024-09-15,SEO,Always on,UAE,985.67,97960,7046,423,3923.99
C2043,2025-01-08,Email,Always on,UAE,495.42,66225,7011,443,2842.6
C2044,2025-04-08,Meta,Always on,KSA,600.38,52144,717,17,488.63
C2045,2024-07-03,Google Ads,Prospecting,Morocco,544.52,55335,2839,138,1578.46
C2046,2025-06-14,TikTok,Always on,Morocco,809.37,67505,808,8,343.98
C2047,2024-07-21,Google Ads,Retargeting,Morocco,507.91,70847,3091,144,1517.53
C2048,2025-03-01,Meta,Prospecting,KSA,506.71,90270,1918,34,822.59
C2049,2025-03-08,Meta,Retargeting,Morocco,472.7,39660,807,19,475.07
C2050,2024-07-17,Meta,Prospecting,UAE,813.07,82797,1406,35,834.0
C2051,2025-05-03,Google Ads,Retargeting,KSA,758.12,64133,3105,113,1118.71
C2052,2025-03-07,Google Ads,Retargeting,UAE,831.79,71151,3923,156,1745.44
C2053,2025-03-08,Google Ads,Always on,UAE,741.75,107798,5231,256,3088.35
C2054,2024-06-22,SEO,Prospecting,Morocco,944.51,103731,6420,313,3790.36
C2055,2024-05-05,Meta,Prospecting,UAE,737.9,169292,2568,45,1048.92
C2056,2024-10-16,Google Ads,Prospecting,Morocco,574.7,123986,6861,327,3637.92
C2057,2025-02-21,Google Ads,Prospecting,UAE,708.88,79700,4482,135,1411.1
C2058,2025-01-20,SEO,Prospecting,UAE,579.73,58039,4122,265,3078.12
C2059,2025-04-15,Meta,Always on,UAE,493.39,59518,1100,20,464.46
C2060,2024-02-16,TikTok,Always on,UAE,1034.29,248560,2684,28,1167.49
C2061,2024-06-06,SEO,Prospecting,UAE,561.5,92667,6859,372,3768.59
C2062,2024-01-23,Email,Always on,Morocco,886.74,158612,10983,620,3948.81
C2063,2024-04-23,Meta,Always on,Morocco,524.78,108651,1732,38,1127.53
C2064,2024-12-18,Meta,Always on,Morocco,466.24,39157,826,19,542.94
C2065,2025-03-03,TikTok,Prospecting,UAE,649.14,55285,727,7,318.22
C2066,2024-07-12,Meta,Always on,KSA,536.06,80406,1492,28,764.78
C2067,2025-01-18,Google Ads,Prospecting,UAE,811.6,90355,3199,125,1246.12
C2068,2024-08-26,SEO,Always on,Morocco,507.99,79615,3829,237,2317.82
C2069,2024-04-05,SEO,Prospecting,Morocco,409.8,34874,1651,91,904.34
C2070,2024-12-04,Google Ads,Prospecting,UAE,1024.89,183403,9117,303,3459.53
C2071,2024-02-21,Google Ads,Always on,UAE,1031.41,122525,5724,159,1811.6
C2072,2024-11-09,TikTok,Prospecting,UAE,1062.42,224106,3154,32,1484.41
C2073,2024-07-14,Email,Retargeting,Morocco,551.48,84269,7914,651,4138.36
C2074,2024-10-15,Google Ads,Retargeting,KSA,484.73,48831,1963,92,1121.67
C2075,2025-06-09,SEO,Retargeting,KSA,651.73,68998,4788,333,3179.76
C2076,2024-01-23,Meta,Prospecting,UAE,654.48,79923,1519,39,1122.96
C2077,2025-04-18,Google Ads,Retargeting,UAE,583.55,102851,5594,198,2348.45
C2078,2024-12-20,Email,Always on,KSA,571.96,49064,3539,244,1774.58
C2079,2024-11-05,SEO,Prospecting,UAE,509.68,46203,2279,87,855.51
C2080,2024-01-04,Email,Prospecting,Morocco,513.69,111256,8218,589,4835.5
C2081,2024-06-23,Google Ads,Always on,KSA,1048.24,174953,6721,234,2812.14
C2082,2025-06-25,Meta,Retargeting,KSA,998.13,167700,3328,73,1810.9
C2083,2024-05-06,Email,Retargeting,Morocco,652.82,72610,7338,379,2444.32
C2084,2025-03-14,Google Ads,Retargeting,UAE,503.5,62399,3202,100,1082.45
C2085,2024-10-09,Email,Prospecting,Morocco,936.33,125037,9457,712,4675.71
C2086,2024-03-10,SEO,Retargeting,Morocco,1250.16,141587,8996,520,5126.74
C2087,2025-01-24,Meta,Retargeting,UAE,845.85,136993,2595,61,1456.16
C2088,2025-06-25,Meta,Retargeting,Morocco,654.4,139075,3051,78,2190.85
C2089,2025-02-17,SEO,Always on,KSA,701.63,60096,4109,230,2439.72
C2090,2024-12-12,TikTok,Retargeting,Morocco,1255.04,174685,1671,17,770.02
C2091,2024-10-19,Meta,Retargeting,UAE,795.39,93727,2013,53,1286.48
C2092,2025-02-21,Meta,Retargeting,Morocco,797.91,137204,2935,64,1492.33
C2093,2024-04-21,Email,Prospecting,UAE,663.13,75338,5577,315,2417.4
C2094,2025-01-03,Email,Prospecting,KSA,527.78,117750,12894,918,6869.04
C2095,2025-02-24,Google Ads,Retargeting,Morocco,399.31,67599,2638,121,1345.21
C2096,2024-04-27,Email,Retargeting,Morocco,589.82,60014,5017,369,2600.52
C2097,2024-08-13,Google Ads,Always on,UAE,365.72,41620,1460,50,597.63
C2098,2024-10-09,Meta,Prospecting,KSA,605.6,53355,788,19,529.29
C2099,2024-10-04,Email,Retargeting,UAE,1006.33,149199,11566,680,4683.29
C2100,2025-06-19,Email,Always on,UAE,407.94,51479,4652,263,2145.38
C2101,2024-12-24,TikTok,Retargeting,KSA,755.86,109329,1557,12,526.24
C2102,2024-06-16,Google Ads,Always on,Morocco,858.28,174570,9047,311,3031.19
C2103,2024-06-06,Google Ads,Always on,UAE,548.94,75731,4215,119,1512.31
C2104,2024-05-13,Email,Always on,UAE,586.0,61492,5399,283,2379.01
C2105,2024-11-21,TikTok,Retargeting,UAE,554.26,88336,1002,13,583.02
C2106,2024-12-12,Meta,Retargeting,Morocco,631.58,81886,1403,26,726.96
C2107,2024-05-05,SEO,Prospecting,KSA,848.59,157445,11234,621,5623.22
C2108,2025-03-06,Google Ads,Always on,UAE,895.65,80260,4511,165,1884.66
C2109,2024-11-23,Meta,Prospecting,Morocco,634.42,86840,1824,34,959.51
C2110,2024-06-18,Google Ads,Retargeting,UAE,537.19,117855,5070,144,1424.74
C2111,2024-11-10,Email,Prospecting,KSA,519.06,70138,6067,360,2505.05
C2112,2024-09-18,TikTok,Always on,UAE,1574.52,166209,1863,14,559.76
C2113,2024-12-06,TikTok,Always on,UAE,732.76,119948,1200,9,364.39
C2114,2024-03-16,Google Ads,Prospecting,KSA,556.73,111686,5601,202,2356.87
C2115,2024-08-16,TikTok,Prospecting,KSA,496.45,106948,1164,9,361.01
C2116,2025-04-01,Email,Retargeting,Morocco,640.5,136529,13329,1187,7789.01
C2117,2024-12-04,TikTok,Prospecting,Morocco,724.0,67195,952,11,508.51
C2118,2025-03-19,Meta,Retargeting,KSA,452.37,78936,1281,21,618.99
C2119,2024-04-04,SEO,Retargeting,UAE,604.73,79844,5776,225,2460.9
C2120,2024-10-25,Meta,Prospecting,UAE,492.85,113779,2383,40,1167.68
C2121,2024-02-26,SEO,Retargeting,Morocco,1096.13,100870,5321,229,2600.65
C2122,2024-11-14,TikTok,Always on,UAE,1315.76,181290,2466,35,1351.39
C2123,2025-02-08,Email,Prospecting,UAE,553.23,65023,5253,281,2129.41
C2124,2024-08-22,Meta,Retargeting,Morocco,651.93,68197,950,19,466.26
C2125,2024-09-03,Google Ads,Always on,KSA,951.66,81575,3631,168,1607.26
C2126,2025-03-19,SEO,Prospecting,Morocco,1084.14,91860,6708,372,4418.39
C2127,2025-01-13,TikTok,Retargeting,UAE,816.27,86858,1171,13,570.48
C2128,2024-09-15,SEO,Prospecting,KSA,547.32,96981,6137,330,3574.17
C2129,2024-07-03,TikTok,Prospecting,KSA,1150.38,137248,1735,18,634.56
C2130,2025-01-21,SEO,Retargeting,KSA,438.18,101007,6623,269,2949.42
C2131,2025-06-14,TikTok,Prospecting,KSA,413.66,83584,878,11,509.36
C2132,2024-07-25,Meta,Prospecting,Morocco,700.21,65583,1249,32,708.09
C2133,2024-04-01,Google Ads,Prospecting,Morocco,341.78,56743,2605,72,897.26
C2134,2024-08-23,TikTok,Prospecting,UAE,672.07,63786,794,6,227.46
C2135,2025-04-25,TikTok,Prospecting,UAE,693.88,164610,2408,31,1086.16
C2136,2024-06-14,SEO,Prospecting,UAE,286.28,31901,1818,94,1045.69
C2137,2024-11-22,Meta,Always on,UAE,335.91,32044,530,12,265.16
C2138,2024-10-26,Email,Retargeting,KSA,736.85,136849,14531,1215,8933.98
C2139,2024-08-08,Google Ads,Retargeting,Morocco,738.4,98036,3586,167,1971.77
C2140,2024-04-07,TikTok,Retargeting,UAE,1373.04,284436,2715,38,1371.98
C2141,2024-02-09,SEO,Prospecting,Morocco,769.59,145097,10379,400,4247.9
C2142,2025-05-01,TikTok,Retargeting,KSA,887.5,91243,909,11,489.78
C2143,2025-02-11,Google Ads,Prospecting,Morocco,397.97,56967,2443,109,1298.54
C2144,2024-04-27,TikTok,Prospecting,UAE,1070.81,219936,2198,20,881.78
C2145,2025-06-14,Google Ads,Prospecting,Morocco,564.51,99615,4535,223,2478.22
C2146,2025-04-21,Google Ads,Retargeting,UAE,347.62,33002,1634,66,818.94
C2147,2024-03-14,Google Ads,Always on,KSA,493.53,52888,2808,85,830.88
C2148,2024-07-21,Meta,Always on,Morocco,534.4,84660,1568,32,917.81
C2149,2024-03-06,Google Ads,Retargeting,Morocco,298.93,27706,1473,51,502.34
C2150,2024-10-17,TikTok,Always on,UAE,767.43,105377,1059,8,298.39
C2151,2024-08-17,Meta,Always on,Morocco,805.15,117383,1745,36,1047.49
C2152,2025-05-26,SEO,Retargeting,UAE,657.19,113884,7670,442,4548.05
C2153,2024-06-19,Google Ads,Prospecting,Morocco,569.61,55780,2027,85,1049.9
C2154,2024-01-15,Google Ads,Always on,UAE,515.68,79534,3312,90,1075.32
C2155,2025-01-27,SEO,Always on,Morocco,408.78,81490,5185,338,3480.92
C2156,2024-08-27,Google Ads,Retargeting,Morocco,301.99,29023,1584,73,736.73
C2157,2024-06-15,Google Ads,Prospecting,KSA,928.44,99142,4731,150,1847.43
C2158,2024-03-25,Google Ads,Always on,UAE,597.52,98053,4528,170,2129.59
C2159,2024-03-11,Google Ads,Always on,Morocco,448.32,73526,3765,133,1315.89
C2160,2024-04-04,Meta,Prospecting,Morocco,1048.6,215027,3831,67,1680.38
C2161,2024-01-20,Meta,Prospecting,UAE,413.69,74674,1241,21,547.29
C2162,2025-01-08,TikTok,Retargeting,UAE,1345.31,133306,1953,23,814.2
C2163,2024-03-24,Meta,Retargeting,UAE,412.43,71894,1551,30,820.22
C2164,2025-01-07,TikTok,Retargeting,UAE,1294.8,122020,1495,20,815.16
C2165,2024-03-09,TikTok,Always on,KSA,1545.66,246442,3170,28,1191.22
C2166,2024-11-21,Google Ads,Retargeting,UAE,1088.13,143645,5792,253,2954.89
C2167,2024-08-19,Email,Retargeting,UAE,515.09,43925,4422,300,1870.82
C2168,2025-02-03,SEO,Always on,UAE,395.05,47117,3013,179,1867.09
C2169,2024-09-01,SEO,Prospecting,UAE,1278.72,253277,12250,782,7083.91
C2170,2024-12-08,Email,Retargeting,Morocco,545.46,62913,6321,534,3342.4
C2171,2024-12-07,Email,Retargeting,KSA,504.62,61591,5836,345,2843.47
C2172,2025-01-03,SEO,Retargeting,UAE,714.05,78786,5002,247,2693.21
C2173,2025-06-10,TikTok,Always on,KSA,618.11,70933,717,8,362.86
C2174,2025-01-14,Google Ads,Retargeting,UAE,481.76,68761,3429,167,1862.1
C2175,2025-05-13,TikTok,Prospecting,UAE,1344.26,133938,1491,19,781.74
C2176,2025-01-27,Google Ads,Always on,UAE,668.93,70432,3844,176,1748.22
C2177,2024-12-02,Meta,Prospecting,UAE,1100.54,118757,2332,58,1425.91
C2178,2024-01-16,Email,Prospecting,Morocco,365.79,38514,3655,319,2551.05
C2179,2024-11-01,SEO,Always on,KSA,689.37,112865,5395,368,3664.51
C2180,2024-03-02,Email,Prospecting,UAE,902.9,76859,7035,412,2831.12
C2181,2024-12-11,Meta,Always on,UAE,514.37,71119,1127,28,818.5
C2182,2024-08-09,Meta,Always on,KSA,992.9,98797,1392,26,587.96
C2183,2025-04-13,Meta,Prospecting,UAE,687.83,145820,2995,57,1290.36
C2184,2024-04-02,SEO,Prospecting,KSA,542.24,46063,2241,144,1396.18
C2185,2024-07-13,SEO,Always on,UAE,377.28,40663,2572,119,1276.28
C2186,2024-10-11,Meta,Always on,KSA,467.6,64184,1191,26,750.58
C2187,2024-03-05,Email,Always on,KSA,982.51,102164,6952,528,3367.66
C2188,2025-05-05,Google Ads,Always on,Morocco,670.22,147224,6829,306,3611.54
C2189,2025-04-11,TikTok,Retargeting,UAE,1369.17,203997,2854,22,782.41
C2190,2025-05-09,TikTok,Always on,KSA,1051.27,105633,969,12,505.99
C2191,2025-05-17,Google Ads,Prospecting,KSA,574.68,53435,1896,88,1038.0
C2192,2024-10-06,Email,Retargeting,UAE,359.8,62330,5292,463,3453.56
C2193,2024-08-05,Email,Retargeting,UAE,325.6,35084,3864,240,1956.73
C2194,2024-06-10,Email,Always on,KSA,711.16,140270,12976,999,6898.79
C2195,2024-09-24,Meta,Retargeting,UAE,872.97,117416,2114,42,1086.58
C2196,2025-01-03,Google Ads,Always on,Morocco,397.99,36481,1249,55,573.53
C2197,2024-09-04,Meta,Retargeting,KSA,691.42,121427,2511,54,1551.37
C2198,2025-01-10,TikTok,Prospecting,UAE,1443.99,240528,2906,39,1354.39
C2199,2024-08-23,Google Ads,Always on,Morocco,566.67,67249,2601,118,1242.37
C2200,2024-12-17,Meta,Prospecting,UAE,951.2,83814,1158,28,822.95
C2201,2024-09-19,Google Ads,Prospecting,KSA,315.24,42027,1731,74,881.66
C2202,2024-12-17,Email,Prospecting,Morocco,461.64,85780,6529,444,2899.57
C2203,2025-03-26,Google Ads,Always on,UAE,463.42,54987,2506,112,1177.85
C2204,2025-03-19,Email,Retargeting,UAE,1146.98,128555,12399,729,6128.66
C2205,2024-01-10,Google Ads,Prospecting,UAE,895.49,147070,5191,176,2106.65
C2206,2025-03-02,Meta,Retargeting,KSA,527.44,101679,1666,32,858.02
C2207,2024-02-12,TikTok,Retargeting,UAE,1088.04,222157,2182,27,997.83
C2208,2024-09-03,Google Ads,Always on,UAE,783.79,94474,4516,185,2234.91
C2209,2025-03-22,Google Ads,Always on,UAE,286.13,27010,1023,28,351.32
C2210,2024-05-14,TikTok,Retargeting,KSA,1692.4,285455,2870,23,1018.74
C2211,2024-06-08,TikTok,Prospecting,Morocco,1075.76,109443,1511,14,538.53
C2212,2025-03-19,Google Ads,Prospecting,UAE,574.32,59493,2518,112,1313.08
C2213,2025-05-06,Meta,Prospecting,UAE,684.03,139470,2530,39,864.36
C2214,2025-06-03,Meta,Always on,KSA,392.64,45606,820,18,489.51
C2215,2024-06-18,SEO,Always on,UAE,665.89,77147,3592,169,2008.32
C2216,2024-02-08,Google Ads,Always on,UAE,729.74,85758,3785,176,1686.97
C2217,2025-05-05,Email,Always on,Morocco,783.34,69419,5679,329,2641.6
C2218,2025-03-15,Email,Retargeting,UAE,761.17,75945,7020,468,3510.58
C2219,2024-01-11,SEO,Always on,Morocco,677.88,66213,4267,204,2292.44
C2220,2024-07-01,Meta,Always on,Morocco,744.39,71171,1281,28,754.04
C2221,2024-04-26,TikTok,Retargeting,UAE,691.55,91033,1322,16,690.56
C2222,2025-05-17,Google Ads,Retargeting,UAE,351.61,67002,2669,73,890.3
C2223,2025-03-15,Google Ads,Always on,UAE,648.14,124468,5655,204,2185.32
C2224,2024-12-27,Meta,Always on,UAE,899.71,91074,1537,27,678.78
C2225,2025-06-09,Meta,Retargeting,KSA,351.67,32521,662,13,294.45
C2226,2025-01-23,Email,Retargeting,UAE,771.8,94618,6915,597,3777.03
C2227,2025-03-16,Google Ads,Prospecting,UAE,508.05,42944,2079,94,1004.83
C2228,2024-07-02,Google Ads,Always on,Morocco,458.24,51305,2087,58,675.08
C2229,2024-07-11,Meta,Retargeting,UAE,594.66,102275,2066,44,1310.08
C2230,2024-12-15,Google Ads,Always on,KSA,1568.01,162725,7893,350,3999.74
C2231,2024-01-08,Meta,Prospecting,KSA,718.0,67243,1318,28,791.03
C2232,2024-02-05,Email,Retargeting,Morocco,603.46,120573,13297,814,6312.54
C2233,2024-11-08,TikTok,Always on,Morocco,1145.26,188708,2510,29,1186.73
C2234,2025-03-24,SEO,Always on,Morocco,842.91,199003,11177,637,6702.94
C2235,2024-01-13,SEO,Prospecting,Morocco,764.6,111870,7697,330,4012.44
C2236,2024-09-03,Google Ads,Prospecting,KSA,777.63,122551,4379,195,2169.26
C2237,2024-02-13,Google Ads,Prospecting,Morocco,532.84,129097,5227,159,1656.41
C2238,2024-08-05,Meta,Always on,Morocco,913.52,76833,1602,42,975.91
C2239,2024-01-11,Meta,Retargeting,KSA,390.89,75961,1489,26,705.33
C2240,2024-07-07,TikTok,Prospecting,UAE,1028.78,106043,1314,15,638.12
C2241,2024-04-05,TikTok,Always on,UAE,1344.91,140057,1905,24,1080.35
C2242,2024-09-16,Google Ads,Retargeting,UAE,669.05,86725,3047,134,1422.33
C2243,2024-10-11,Email,Prospecting,UAE,1046.11,112433,7759,481,4040.44
C2244,2025-01-11,SEO,Always on,KSA,690.8,167152,9609,492,4712.89
C2245,2024-05-19,Meta,Prospecting,UAE,770.45,68233,1089,16,459.22
C2246,2024-05-19,SEO,Prospecting,UAE,454.47,93261,6460,428,4234.66
C2247,2024-05-16,Google Ads,Prospecting,UAE,492.44,44246,1861,71,760.75
C2248,2024-05-12,TikTok,Prospecting,Morocco,845.82,91635,1172,15,553.91
C2249,2025-01-05,Email,Always on,UAE,429.36,98414,8618,464,3712.97
C2250,2024-05-25,SEO,Prospecting,UAE,427.66,50559,3092,149,1635.57
C2251,2025-06-09,TikTok,Prospecting,Morocco,518.36,76852,812,10,438.94
C2252,2024-03-22,Email,Prospecting,UAE,1069.97,130514,11783,587,4831.97
C2253,2025-02-15,TikTok,Retargeting,UAE,722.12,113153,1495,14,643.42
C2254,2024-06-25,Meta,Always on,Morocco,550.37,55124,1113,19,479.62
C2255,2025-05-24,Meta,Prospecting,KSA,626.66,108269,2319,47,1043.54
C2256,2025-01-06,Email,Always on,Morocco,923.08,183021,13152,1116,8745.64
C2257,2024-02-16,TikTok,Always on,UAE,1488.58,201080,2490,23,818.55
C2258,2025-04-10,Meta,Always on,KSA,736.09,66161,1032,26,749.26
C2259,2024-03-24,Meta,Always on,UAE,235.56,20140,298,4,93.73
C2260,2025-04-04,Meta,Always on,KSA,666.94,88629,1679,25,637.22
C2261,2025-01-06,Meta,Always on,Morocco,755.2,65186,1347,29,805.15
C2262,2024-01-02,Meta,Retargeting,KSA,716.17,109017,1586,30,760.51
C2263,2025-02-24,Google Ads,Retargeting,UAE,419.19,82909,3076,136,1432.95
C2264,2024-05-23,Google Ads,Always on,KSA,724.27,126485,7111,242,2894.51
C2265,2025-02-19,Meta,Retargeting,KSA,485.07,49304,755,12,300.53
C2266,2025-01-14,Google Ads,Prospecting,UAE,662.01,66207,2291,68,744.39
C2267,2024-09-05,Meta,Always on,KSA,1195.99,116916,2583,38,879.97
C2268,2025-04-23,TikTok,Prospecting,KSA,1175.64,179894,1677,14,509.35
C2269,2024-10-09,Meta,Always on,Morocco,434.49,69951,1453,28,620.25
C2270,2025-06-04,Meta,Retargeting,UAE,419.85,48979,684,12,353.13
C2271,2024-02-17,Meta,Retargeting,UAE,453.81,38818,700,10,280.78
C2272,2024-09-08,Meta,Retargeting,Morocco,454.65,60484,819,13,329.36
C2273,2024-04-07,Google Ads,Always on,UAE,442.14,68317,3658,160,1876.2
C2274,2024-03-02,Email,Retargeting,UAE,557.36,51588,5614,455,3422.66
C2275,2024-01-12,Meta,Prospecting,UAE,336.48,40465,598,13,369.2
C2276,2024-04-06,Meta,Retargeting,Morocco,1055.01,172051,3521,88,2034.56
C2277,2025-05-24,TikTok,Retargeting,UAE,729.38,92351,1300,12,462.58
C2278,2024-11-27,Google Ads,Always on,UAE,373.5,80128,3978,189,2292.09
C2279,2025-04-13,Google Ads,Always on,UAE,643.86,57001,1957,92,1064.62
C2280,2024-12-07,TikTok,Always on,UAE,587.29,51945,682,6,233.47
C2281,2024-08-19,Meta,Retargeting,KSA,361.42,32207,492,8,182.25
C2282,2024-05-22,Google Ads,Retargeting,KSA,559.62,62110,2385,104,1270.51
C2283,2024-04-17,Meta,Retargeting,Morocco,390.15,42053,653,14,343.18
C2284,2024-07-11,Meta,Always on,UAE,353.89,37126,526,11,319.12
C2285,2024-10-25,Meta,Retargeting,UAE,729.05,80386,1601,38,1124.98
C2286,2025-06-06,Google Ads,Always on,UAE,1049.15,109174,3966,147,1598.08
C2287,2024-05-04,TikTok,Always on,KSA,1284.15,107675,1008,13,540.39
C2288,2024-04-03,Meta,Retargeting,UAE,748.7,62527,1368,28,723.25
C2289,2025-04-18,TikTok,Prospecting,KSA,917.74,177643,2570,21,966.7
C2290,2024-04-04,Email,Retargeting,Morocco,795.1,84226,8444,558,4275.52
C2291,2024-08-18,Google Ads,Always on,UAE,503.42,74970,3219,145,1724.2
C2292,2024-10-11,SEO,Prospecting,UAE,1074.24,160880,9577,382,3959.25
C2293,2024-05-27,Google Ads,Always on,UAE,1350.76,202007,9778,313,3873.83
C2294,2024-12-05,Meta,Retargeting,Morocco,324.17,31686,443,11,287.79
C2295,2024-12-24,Google Ads,Retargeting,UAE,893.4,187804,6343,203,2531.36
C2296,2024-12-02,Meta,Always on,UAE,530.7,112832,2172,45,1300.73
C2297,2025-02-21,TikTok,Prospecting,KSA,918.31,88321,1264,15,555.42
C2298,2024-03-17,SEO,Always on,Morocco,520.03,57938,3149,187,1696.03
C2299,2024-10-19,SEO,Prospecting,KSA,655.29,104910,7445,361,4162.38
C2300,2025-04-10,Meta,Retargeting,KSA,951.19,97586,2036,52,1364.14
C2301,2025-02-27,TikTok,Always on,UAE,729.41,173133,2385,30,1263.75
C2302,2024-01-25,Email,Prospecting,Morocco,653.97,55274,5085,274,1925.5
C2303,2024-10-07,Email,Retargeting,Morocco,662.06,98612,7478,546,3843.39
C2304,2025-02-18,SEO,Always on,UAE,857.31,126603,6411,345,3925.01
C2305,2024-09-19,Google Ads,Retargeting,UAE,630.75,75089,3424,104,1284.84
C2306,2024-09-18,SEO,Always on,Morocco,408.7,39336,1909,103,1147.13
C2307,2024-11-24,SEO,Prospecting,UAE,481.49,97614,4536,191,2135.31
C2308,2024-01-10,Google Ads,Retargeting,UAE,543.93,93035,3662,178,1934.01
C2309,2025-03-20,TikTok,Always on,UAE,1008.33,214377,2263,29,1102.47
C2310,2024-03-01,Email,Always on,Morocco,668.52,56898,6013,452,3107.0
C2311,2024-05-09,Google Ads,Prospecting,Morocco,677.05,90073,3125,122,1506.51
C2312,2024-10-15,Google Ads,Always on,UAE,808.79,117978,5945,234,2542.22
C2313,2025-04-24,Meta,Retargeting,KSA,942.21,92713,2048,41,1134.48
C2314,2024-02-11,TikTok,Always on,UAE,1413.05,181199,2642,23,989.8
C2315,2024-11-27,Google Ads,Prospecting,KSA,579.5,53694,1946,88,959.8
C2316,2024-06-16,Email,Always on,KSA,611.69,61005,6405,487,4082.41
C2317,2025-01-13,Google Ads,Prospecting,Morocco,550.21,54643,2865,79,807.05
C2318,2024-03-13,Google Ads,Always on,Morocco,482.7,44128,1993,89,1120.93
C2319,2025-01-24,Google Ads,Prospecting,KSA,246.47,36049,1385,57,669.47
C2320,2024-03-22,TikTok,Always on,UAE,670.88,87182,1268,14,530.87
C2321,2025-04-26,Meta,Prospecting,Morocco,668.16,80285,1745,38,990.29
C2322,2024-09-11,Meta,Retargeting,Morocco,379.02,59679,1223,21,603.36
C2323,2024-08-04,Google Ads,Retargeting,UAE,800.22,92342,4873,234,2346.86
C2324,2024-12-24,Meta,Prospecting,UAE,531.92,74741,1107,17,430.81
C2325,2024-03-05,TikTok,Always on,UAE,597.28,52337,580,4,147.76
C2326,2025-05-26,Google Ads,Retargeting,KSA,1375.87,315302,13589,427,4606.15
C2327,2024-04-04,Meta,Prospecting,UAE,840.45,148124,3077,64,1433.44
C2328,2025-06-18,Google Ads,Always on,Morocco,507.44,72796,3701,182,1800.56
C2329,2025-04-26,SEO,Retargeting,UAE,740.43,168172,10124,596,5818.3
C2330,2024-11-13,Email,Retargeting,UAE,492.0,79904,8598,490,3321.95
C2331,2024-03-06,Meta,Always on,KSA,330.17,31889,602,10,297.3
C2332,2024-07-06,TikTok,Always on,KSA,1004.9,92664,1057,10,439.07
C2333,2024-11-03,Meta,Prospecting,UAE,502.83,109103,2187,38,995.78
C2334,2024-09-21,SEO,Prospecting,UAE,336.77,29562,1751,86,797.73
C2335,2025-02-11,Meta,Retargeting,UAE,401.05,44899,920,18,430.19
C2336,2024-06-16,SEO,Always on,Morocco,984.64,197051,13722,748,7494.23
C2337,2024-06-12,Meta,Prospecting,KSA,360.13,36348,666,9,234.62
C2338,2025-03-22,Google Ads,Retargeting,UAE,679.93,83529,3749,167,1760.45
C2339,2024-05-10,Meta,Always on,KSA,545.84,54193,981,25,720.6
C2340,2025-04-09,SEO,Prospecting,KSA,894.1,124046,7191,507,5422.93
C2341,2025-03-22,Google Ads,Retargeting,UAE,486.6,64786,2546,105,1069.14
C2342,2024-11-06,TikTok,Always on,KSA,1601.52,181105,2269,20,896.99
C2343,2025-04-02,Email,Retargeting,KSA,626.69,96334,6853,610,4689.98
C2344,2025-04-27,Meta,Retargeting,UAE,452.42,50559,987,21,587.63
C2345,2024-01-19,SEO,Always on,UAE,907.41,96521,6358,435,4586.04
C2346,2024-05-15,Meta,Retargeting,UAE,1246.42,277592,4023,96,2270.31
C2347,2024-05-18,Google Ads,Prospecting,KSA,414.8,36207,1339,55,531.01
C2348,2025-03-15,Google Ads,Prospecting,KSA,310.71,39774,2163,64,704.36
C2349,2025-01-16,Google Ads,Retargeting,KSA,390.76,64914,2564,82,916.07
C2350,2024-07-03,SEO,Prospecting,UAE,426.12,41631,2660,134,1533.44
C2351,2024-09-16,Google Ads,Always on,Morocco,673.53,108896,4424,151,1709.17
C2352,2025-04-22,Meta,Prospecting,Morocco,336.77,28700,419,10,265.7
C2353,2024-03-16,Email,Retargeting,Morocco,451.02,43106,4534,389,2544.88
C2354,2024-09-15,Meta,Prospecting,UAE,1121.87,110217,2281,57,1702.35
C2355,2025-06-12,Meta,Always on,Morocco,527.16,48889,1096,25,556.88
C2356,2024-08-13,Meta,Prospecting,Morocco,1700.55,361571,7546,174,4700.66
C2357,2025-02-22,Meta,Retargeting,UAE,386.4,40946,621,16,415.22
C2358,2025-02-14,Google Ads,Prospecting,UAE,388.1,32870,1173,34,423.0
C2359,2025-03-22,Email,Retargeting,UAE,521.52,57004,4499,407,3222.75
C2360,2024-05-10,Email,Retargeting,UAE,631.18,91902,7014,562,3570.78
C2361,2024-01-16,Meta,Prospecting,UAE,695.55,62597,1311,21,487.41
C2362,2024-12-23,SEO,Prospecting,Morocco,510.22,75513,4993,285,2793.69
C2363,2024-11-22,SEO,Always on,UAE,462.55,103592,6667,402,4768.38
C2364,2024-01-25,SEO,Always on,UAE,351.88,32134,2237,94,1076.68
C2365,2024-02-20,Meta,Retargeting,UAE,401.66,36284,581,10,226.96
C2366,2025-04-20,Google Ads,Always on,Morocco,530.42,92070,4507,219,2767.77
C2367,2024-03-10,Meta,Retargeting,UAE,824.61,81112,1722,25,616.25
C2368,2025-05-21,Email,Retargeting,Morocco,381.1,80903,8130,719,5722.82
C2369,2024-10-15,Meta,Retargeting,Morocco,591.64,138651,2860,44,1049.49
C2370,2024-06-03,SEO,Retargeting,UAE,300.23,55203,2945,121,1442.47
C2371,2024-02-03,Google Ads,Retargeting,UAE,650.15,152042,6527,296,3696.31
C2372,2024-05-17,Meta,Prospecting,Morocco,701.07,108630,1764,45,1322.32
C2373,2024-10-10,Meta,Prospecting,Morocco,851.96,73161,1011,25,718.82
C2374,2025-03-05,Meta,Always on,KSA,916.21,79383,1107,28,700.9
C2375,2024-04-01,Google Ads,Retargeting,UAE,1203.91,207204,8400,346,3749.83
C2376,2024-12-25,Google Ads,Always on,UAE,1150.16,104698,5694,211,2126.78
C2377,2025-05-08,Meta,Prospecting,Morocco,496.68,64236,1202,22,619.37
C2378,2024-10-05,Meta,Always on,KSA,546.13,87072,1406,38,959.65
C2379,2025-05-15,SEO,Always on,UAE,830.93,114230,6954,484,5808.75
C2380,2024-05-06,Meta,Retargeting,Morocco,573.36,72889,1088,21,494.87
C2381,2024-12-21,Meta,Retargeting,Morocco,608.26,50694,886,20,564.82
C2382,2025-01-26,Google Ads,Always on,Morocco,418.17,40681,2117,62,635.76
C2383,2025-06-18,Meta,Prospecting,UAE,1381.71,116024,1916,34,882.65
C2384,2025-03-10,Google Ads,Prospecting,UAE,284.86,59331,2792,136,1684.83
C2385,2024-03-01,Google Ads,Retargeting,KSA,446.22,42603,1557,64,646.32
C2386,2024-06-11,SEO,Prospecting,UAE,436.2,39458,2325,159,1626.15
C2387,2025-06-14,Meta,Prospecting,KSA,336.24,75921,1055,17,394.72
C2388,2024-04-22,Meta,Always on,UAE,604.5,54247,1147,31,817.72
C2389,2024-03-03,Meta,Retargeting,UAE,511.22,43674,867,22,637.8
C2390,2025-03-19,Google Ads,Retargeting,Morocco,296.16,59589,2731,82,995.33
C2391,2024-10-18,Google Ads,Always on,UAE,939.17,143523,6454,235,2514.59
C2392,2024-10-23,Meta,Retargeting,Morocco,755.61,106393,2307,54,1580.35
C2393,2024-08-13,SEO,Retargeting,KSA,386.21,71864,5286,351,3696.48
C2394,2025-03-12,Google Ads,Prospecting,UAE,810.9,88747,4700,140,1373.84
C2395,2024-11-27,Meta,Prospecting,KSA,750.1,80721,1330,34,756.56
C2396,2024-09-01,SEO,Retargeting,KSA,519.39,73205,5389,311,3122.66
C2397,2024-04-11,TikTok,Retargeting,KSA,981.32,233872,2846,39,1404.94
C2398,2024-05-17,Google Ads,Retargeting,UAE,1161.94,155213,8101,387,4808.5
C2399,2024-10-10,TikTok,Prospecting,Morocco,1094.95,119394,1561,14,539.16
C2400,2025-05-11,Meta,Always on,UAE,927.02,144114,2484,54,1480.95
